input,voting_scheme,happiness_measure,happiness_values,risk_measure,risk_values
"[['B' 'D' 'D' 'A' 'B']
 ['A' 'C' 'A' 'B' 'D']
 ['E' 'B' 'E' 'D' 'A']
 ['C' 'E' 'C' 'E' 'C']
 ['D' 'A' 'B' 'C' 'E']]",Anti-plurality voting,NDCG,"[0.8174935137996165, 0.3424985031845269, 0.39748952229168844, 0.894999002123018, 0.7350069851388743]",Winner change risk,0.2
"[['C' 'E' 'D' 'D' 'A']
 ['A' 'A' 'B' 'B' 'C']
 ['B' 'C' 'E' 'E' 'E']
 ['E' 'B' 'A' 'A' 'B']
 ['D' 'D' 'C' 'C' 'D']]",Anti-plurality voting,NDCG,"[0.6074915180456525, 0.6074915180456525, 0.36999401273810767, 0.36999401273810767, 0.7350069851388743]",Winner change risk,0.19047619047619047
"[['E' 'B' 'B' 'D' 'B']
 ['C' 'E' 'A' 'C' 'D']
 ['A' 'A' 'E' 'E' 'C']
 ['B' 'C' 'D' 'A' 'E']
 ['D' 'D' 'C' 'B' 'A']]",Anti-plurality voting,NDCG,"[0.8400079830158563, 0.8174935137996165, 0.7899980042460358, 0.31500299363094614, 0.21000199575396408]",Winner change risk,0.2222222222222222
"[['C' 'D' 'A' 'E' 'C' 'A' 'B' 'C' 'E' 'B' 'B' 'D' 'C' 'A' 'A' 'E' 'B' 'E'
  'D' 'B']
 ['B' 'E' 'D' 'D' 'A' 'D' 'C' 'D' 'D' 'D' 'E' 'E' 'A' 'C' 'B' 'C' 'E' 'D'
  'B' 'C']
 ['A' 'C' 'E' 'B' 'B' 'B' 'E' 'B' 'A' 'C' 'D' 'B' 'E' 'B' 'C' 'D' 'C' 'C'
  'A' 'E']
 ['E' 'B' 'C' 'C' 'D' 'C' 'D' 'A' 'C' 'A' 'C' 'C' 'B' 'E' 'D' 'A' 'D' 'A'
  'E' 'A']
 ['D' 'A' 'B' 'A' 'E' 'E' 'A' 'E' 'B' 'E' 'A' 'A' 'D' 'D' 'E' 'B' 'A' 'B'
  'C' 'D']]",Anti-plurality voting,NDCG,"[0.894999002123018, 0.5250049893849101, 0.13249650743056282, 0.3424985031845269, 0.8400079830158563, 0.3424985031845269, 0.8174935137996165, 0.9725044904464192, 0.13249650743056282, 0.8675034925694372, 0.5250049893849101, 0.42000399150792816, 0.6300059872618923, 0.6074915180456525, 0.5799960084920718, 0.5024905201686705, 0.7350069851388743, 0.447499501061509, 0.4749950106150897, 0.8174935137996165]",Winner change risk,0.0
"[['C' 'D' 'E' 'B' 'E' 'E' 'C' 'D' 'D' 'A' 'C' 'B' 'B' 'B' 'C' 'E' 'D' 'C'
  'A' 'A']
 ['D' 'B' 'B' 'E' 'B' 'A' 'D' 'E' 'A' 'E' 'B' 'A' 'D' 'C' 'B' 'A' 'E' 'B'
  'D' 'B']
 ['E' 'A' 'D' 'C' 'C' 'B' 'A' 'B' 'B' 'D' 'E' 'D' 'E' 'E' 'A' 'C' 'A' 'D'
  'E' 'D']
 ['B' 'C' 'A' 'D' 'A' 'D' 'E' 'A' 'C' 'B' 'D' 'C' 'A' 'D' 'E' 'B' 'C' 'E'
  'B' 'E']
 ['A' 'E' 'C' 'A' 'D' 'C' 'B' 'C' 'E' 'C' 'A' 'E' 'C' 'A' 'D' 'D' 'B' 'A'
  'C' 'C']]",Anti-plurality voting,NDCG,"[0.36999401273810767, 0.8174935137996165, 0.8174935137996165, 0.7625024946924551, 0.6074915180456525, 0.5250049893849101, 0.26499301486112564, 0.8675034925694372, 0.7350069851388743, 0.3424985031845269, 0.5024905201686705, 0.8400079830158563, 1.0, 0.7350069851388743, 0.39748952229168844, 0.21000199575396408, 0.5525004989384911, 0.6074915180456525, 0.36999401273810767, 0.6074915180456525]",Winner change risk,0.0
"[['C' 'A' 'A' 'D' 'B' 'A' 'E' 'D' 'D' 'B' 'E' 'D' 'E' 'B' 'D' 'B' 'E' 'B'
  'E' 'E']
 ['B' 'D' 'B' 'E' 'A' 'B' 'A' 'E' 'A' 'E' 'D' 'B' 'B' 'D' 'C' 'E' 'A' 'A'
  'D' 'B']
 ['D' 'E' 'E' 'C' 'E' 'C' 'C' 'B' 'E' 'C' 'C' 'C' 'C' 'A' 'E' 'A' 'B' 'C'
  'A' 'C']
 ['A' 'C' 'D' 'B' 'D' 'E' 'D' 'A' 'C' 'D' 'B' 'A' 'A' 'E' 'B' 'D' 'C' 'D'
  'C' 'D']
 ['E' 'B' 'C' 'A' 'C' 'D' 'B' 'C' 'B' 'A' 'A' 'E' 'D' 'C' 'A' 'C' 'D' 'E'
  'B' 'A']]",Anti-plurality voting,NDCG,"[0.447499501061509, 0.6074915180456525, 0.3424985031845269, 0.894999002123018, 0.42000399150792816, 0.13249650743056282, 0.42000399150792816, 1.0, 0.8400079830158563, 0.4749950106150897, 0.8174935137996165, 0.7625024946924551, 0.5525004989384911, 0.6074915180456525, 0.8400079830158563, 0.4749950106150897, 0.5250049893849101, 0.21000199575396408, 0.8174935137996165, 0.5525004989384911]",Winner change risk,0.1926605504587156
"[['E' 'C' 'B' 'D' 'D' 'A' 'E' 'C' 'C' 'C']
 ['C' 'E' 'A' 'E' 'A' 'D' 'C' 'A' 'A' 'E']
 ['D' 'D' 'D' 'B' 'B' 'E' 'B' 'D' 'E' 'A']
 ['A' 'B' 'C' 'A' 'E' 'C' 'A' 'E' 'D' 'D']
 ['B' 'A' 'E' 'C' 'C' 'B' 'D' 'B' 'B' 'B']]",Anti-plurality voting,NDCG,"[0.42000399150792816, 0.3424985031845269, 0.6074915180456525, 0.5525004989384911, 0.8174935137996165, 1.0, 0.21000199575396408, 0.6074915180456525, 0.5024905201686705, 0.447499501061509]",Winner change risk,0.19
"[['A' 'C' 'D' 'A' 'B' 'E' 'A' 'A' 'A' 'C']
 ['C' 'A' 'B' 'B' 'C' 'B' 'B' 'B' 'E' 'B']
 ['B' 'E' 'C' 'D' 'E' 'D' 'E' 'C' 'B' 'D']
 ['D' 'B' 'E' 'E' 'D' 'A' 'D' 'E' 'D' 'E']
 ['E' 'D' 'A' 'C' 'A' 'C' 'C' 'D' 'C' 'A']]",Anti-plurality voting,NDCG,"[0.31500299363094614, 0.21000199575396408, 0.6074915180456525, 0.5024905201686705, 0.8400079830158563, 0.9224945116765986, 0.6074915180456525, 0.39748952229168844, 0.5799960084920718, 0.5024905201686705]",Winner change risk,0.0
"[['A' 'B' 'A' 'A' 'D' 'C' 'C' 'A' 'B' 'D']
 ['C' 'D' 'E' 'B' 'B' 'B' 'D' 'E' 'E' 'C']
 ['E' 'E' 'D' 'C' 'A' 'A' 'B' 'D' 'C' 'B']
 ['D' 'A' 'C' 'E' 'C' 'E' 'A' 'C' 'A' 'A']
 ['B' 'C' 'B' 'D' 'E' 'D' 'E' 'B' 'D' 'E']]",Anti-plurality voting,NDCG,"[0.894999002123018, 0.21000199575396408, 0.6300059872618923, 0.9725044904464192, 0.447499501061509, 0.8675034925694372, 0.5250049893849101, 0.6300059872618923, 0.42000399150792816, 0.36999401273810767]",Winner change risk,0.0
"[['C' 'A' 'C' 'B' 'B']
 ['A' 'B' 'B' 'A' 'C']
 ['B' 'C' 'A' 'C' 'A']]",Anti-plurality voting,NDCG,"[0.23981246656813146, 0.8597186998521972, 0.4796249331362629, 1.0, 0.7601875334318685]",Winner change risk,0.0
"[['C' 'A' 'C' 'A' 'A']
 ['A' 'B' 'B' 'B' 'C']
 ['B' 'C' 'A' 'C' 'B']]",Anti-plurality voting,NDCG,"[0.4796249331362629, 1.0, 0.23981246656813146, 1.0, 0.7601875334318685]",Winner change risk,0.0
"[['A' 'B' 'A' 'B' 'A']
 ['B' 'C' 'B' 'A' 'B']
 ['C' 'A' 'C' 'C' 'C']]",Anti-plurality voting,NDCG,"[0.8597186998521972, 0.7601875334318685, 0.8597186998521972, 1.0, 0.8597186998521972]",Winner change risk,0.3333333333333333
"[['A' 'C' 'B' 'C' 'B' 'B' 'B' 'C' 'B' 'B' 'C' 'C' 'A' 'C' 'B' 'B' 'B' 'C'
  'B' 'A']
 ['C' 'B' 'A' 'A' 'A' 'C' 'C' 'A' 'A' 'C' 'A' 'A' 'B' 'A' 'C' 'A' 'C' 'A'
  'C' 'B']
 ['B' 'A' 'C' 'B' 'C' 'A' 'A' 'B' 'C' 'A' 'B' 'B' 'C' 'B' 'A' 'C' 'A' 'B'
  'A' 'C']]",Anti-plurality voting,NDCG,"[0.8597186998521972, 0.7601875334318685, 0.23981246656813146, 1.0, 0.23981246656813146, 0.4796249331362629, 0.4796249331362629, 1.0, 0.23981246656813146, 0.4796249331362629, 1.0, 1.0, 0.38009376671593426, 1.0, 0.4796249331362629, 0.23981246656813146, 0.4796249331362629, 1.0, 0.4796249331362629, 0.38009376671593426]",Winner change risk,0.0
"[['B' 'C' 'C' 'C' 'B' 'C' 'B' 'B' 'B' 'B' 'C' 'A' 'B' 'B' 'B' 'C' 'C' 'B'
  'C' 'B']
 ['C' 'A' 'B' 'A' 'C' 'B' 'A' 'A' 'A' 'C' 'B' 'B' 'C' 'A' 'A' 'B' 'B' 'C'
  'B' 'A']
 ['A' 'B' 'A' 'B' 'A' 'A' 'C' 'C' 'C' 'A' 'A' 'C' 'A' 'C' 'C' 'A' 'A' 'A'
  'A' 'C']]",Anti-plurality voting,NDCG,"[1.0, 0.38009376671593426, 0.8597186998521972, 0.38009376671593426, 1.0, 0.8597186998521972, 0.7601875334318685, 0.7601875334318685, 0.7601875334318685, 1.0, 0.8597186998521972, 0.4796249331362629, 1.0, 0.7601875334318685, 0.7601875334318685, 0.8597186998521972, 0.8597186998521972, 1.0, 0.8597186998521972, 0.7601875334318685]",Winner change risk,0.0
"[['C' 'B' 'C' 'C' 'A' 'C' 'B' 'B' 'C' 'B' 'A' 'B' 'B' 'A' 'C' 'A' 'A' 'B'
  'B' 'A']
 ['B' 'A' 'A' 'B' 'C' 'A' 'C' 'A' 'B' 'A' 'B' 'A' 'C' 'C' 'A' 'B' 'B' 'A'
  'C' 'B']
 ['A' 'C' 'B' 'A' 'B' 'B' 'A' 'C' 'A' 'C' 'C' 'C' 'A' 'B' 'B' 'C' 'C' 'C'
  'A' 'C']]",Anti-plurality voting,NDCG,"[0.4796249331362629, 1.0, 0.23981246656813146, 0.4796249331362629, 0.38009376671593426, 0.23981246656813146, 0.7601875334318685, 1.0, 0.4796249331362629, 1.0, 0.8597186998521972, 1.0, 0.7601875334318685, 0.38009376671593426, 0.23981246656813146, 0.8597186998521972, 0.8597186998521972, 1.0, 0.7601875334318685, 0.8597186998521972]",Winner change risk,0.3333333333333333
"[['C' 'B' 'A' 'B' 'A' 'B' 'B' 'B' 'C' 'C']
 ['A' 'A' 'B' 'C' 'B' 'A' 'A' 'A' 'A' 'B']
 ['B' 'C' 'C' 'A' 'C' 'C' 'C' 'C' 'B' 'A']]",Anti-plurality voting,NDCG,"[0.4796249331362629, 0.8597186998521972, 1.0, 0.38009376671593426, 1.0, 0.8597186998521972, 0.8597186998521972, 0.8597186998521972, 0.4796249331362629, 0.23981246656813146]",Winner change risk,0.3333333333333333
"[['A' 'B' 'B' 'A' 'B' 'A' 'A' 'B' 'C' 'A']
 ['B' 'A' 'A' 'C' 'C' 'C' 'C' 'C' 'B' 'C']
 ['C' 'C' 'C' 'B' 'A' 'B' 'B' 'A' 'A' 'B']]",Anti-plurality voting,NDCG,"[0.7601875334318685, 0.4796249331362629, 0.4796249331362629, 1.0, 0.23981246656813146, 1.0, 1.0, 0.23981246656813146, 0.38009376671593426, 1.0]",Winner change risk,0.0
"[['C' 'B' 'C' 'C' 'C' 'C' 'B' 'A' 'C' 'A']
 ['B' 'C' 'B' 'A' 'A' 'B' 'C' 'B' 'B' 'C']
 ['A' 'A' 'A' 'B' 'B' 'A' 'A' 'C' 'A' 'B']]",Anti-plurality voting,NDCG,"[1.0, 0.8597186998521972, 1.0, 0.7601875334318685, 0.7601875334318685, 1.0, 0.8597186998521972, 0.23981246656813146, 1.0, 0.4796249331362629]",Winner change risk,0.0
"[['B' 'H' 'B' 'J' 'C']
 ['C' 'A' 'H' 'I' 'J']
 ['H' 'C' 'I' 'B' 'D']
 ['I' 'J' 'C' 'A' 'B']
 ['E' 'G' 'G' 'G' 'F']
 ['A' 'B' 'A' 'C' 'I']
 ['D' 'D' 'J' 'E' 'G']
 ['G' 'F' 'D' 'H' 'E']
 ['J' 'E' 'F' 'D' 'H']
 ['F' 'I' 'E' 'F' 'A']]",Anti-plurality voting,NDCG,"[0.7811310015382653, 0.36738056765104476, 0.7912189438350686, 0.3187041994888808, 0.7450777567797447]",Winner change risk,0.1009
"[['J' 'D' 'H' 'I' 'D']
 ['H' 'E' 'B' 'D' 'C']
 ['E' 'H' 'I' 'G' 'J']
 ['D' 'I' 'C' 'F' 'B']
 ['G' 'B' 'F' 'A' 'A']
 ['I' 'G' 'J' 'C' 'F']
 ['B' 'F' 'A' 'E' 'H']
 ['C' 'A' 'E' 'J' 'I']
 ['A' 'C' 'G' 'B' 'G']
 ['F' 'J' 'D' 'H' 'E']]",Anti-plurality voting,NDCG,"[0.07532235867806082, 0.1925722587553098, 0.4201499441141899, 0.38301136934380803, 0.5402842761077506]",Winner change risk,0.1
"[['H' 'D' 'D' 'I' 'E']
 ['E' 'H' 'A' 'J' 'C']
 ['D' 'A' 'F' 'A' 'H']
 ['I' 'B' 'B' 'E' 'G']
 ['B' 'G' 'I' 'F' 'B']
 ['C' 'C' 'G' 'B' 'J']
 ['F' 'F' 'J' 'H' 'I']
 ['G' 'J' 'E' 'G' 'D']
 ['A' 'I' 'H' 'D' 'F']
 ['J' 'E' 'C' 'C' 'A']]",Anti-plurality voting,NDCG,"[0.480364105668136, 0.7357937489099289, 0.7450777567797447, 0.11298353801709124, 0.32083734765569233]",Winner change risk,0.1031
"[['F' 'A' 'D' 'J' 'G' 'F' 'I' 'C' 'F' 'E' 'H' 'G' 'J' 'I' 'B' 'G' 'F' 'G'
  'G' 'I']
 ['A' 'I' 'B' 'A' 'H' 'J' 'E' 'G' 'I' 'F' 'C' 'I' 'B' 'B' 'D' 'B' 'J' 'E'
  'C' 'E']
 ['C' 'B' 'C' 'G' 'D' 'C' 'F' 'I' 'H' 'D' 'J' 'C' 'F' 'E' 'H' 'E' 'I' 'A'
  'I' 'F']
 ['D' 'C' 'A' 'D' 'A' 'H' 'C' 'F' 'B' 'B' 'I' 'H' 'C' 'G' 'G' 'A' 'D' 'B'
  'B' 'C']
 ['B' 'H' 'J' 'E' 'E' 'A' 'H' 'H' 'E' 'A' 'A' 'B' 'E' 'C' 'A' 'J' 'E' 'F'
  'E' 'G']
 ['E' 'D' 'I' 'H' 'I' 'I' 'D' 'D' 'D' 'G' 'F' 'J' 'I' 'J' 'J' 'H' 'G' 'C'
  'H' 'J']
 ['I' 'E' 'E' 'F' 'C' 'D' 'A' 'E' 'C' 'C' 'D' 'F' 'D' 'D' 'E' 'I' 'C' 'D'
  'F' 'B']
 ['J' 'F' 'H' 'B' 'F' 'G' 'G' 'J' 'J' 'H' 'E' 'E' 'H' 'H' 'I' 'F' 'H' 'H'
  'A' 'A']
 ['G' 'J' 'G' 'I' 'J' 'E' 'B' 'B' 'G' 'J' 'B' 'A' 'G' 'A' 'F' 'D' 'A' 'J'
  'J' 'D']
 ['H' 'G' 'F' 'C' 'B' 'B' 'J' 'A' 'A' 'I' 'G' 'D' 'A' 'F' 'C' 'C' 'B' 'I'
  'D' 'H']]",Anti-plurality voting,NDCG,"[0.3204880968462205, 0.0, 0.4427029263291056, 0.7521758343521925, 0.431687737505972, 0.4403964244031173, 0.40446642601740457, 0.14527782073699164, 0.38301136934380803, 0.7556382619853625, 0.19470547264865595, 0.09735273632432798, 0.6750695783167919, 0.2853093822100081, 0.22619575521503413, 0.4913792944912696, 0.7544849452958339, 0.47978878469546543, 0.28565863301948, 0.442127605356435]",Winner change risk,0.0
"[['A' 'B' 'E' 'F' 'H' 'D' 'J' 'E' 'B' 'E' 'J' 'F' 'F' 'E' 'H' 'I' 'H' 'B'
  'I' 'B']
 ['H' 'D' 'C' 'G' 'G' 'A' 'E' 'J' 'I' 'J' 'H' 'E' 'I' 'D' 'F' 'C' 'F' 'G'
  'D' 'D']
 ['I' 'I' 'B' 'I' 'C' 'I' 'C' 'G' 'D' 'F' 'G' 'A' 'J' 'F' 'G' 'E' 'C' 'J'
  'A' 'F']
 ['B' 'A' 'A' 'H' 'F' 'J' 'H' 'A' 'A' 'I' 'B' 'B' 'G' 'H' 'I' 'D' 'I' 'F'
  'B' 'A']
 ['G' 'J' 'I' 'J' 'B' 'B' 'I' 'F' 'E' 'D' 'A' 'D' 'E' 'G' 'C' 'A' 'G' 'I'
  'E' 'E']
 ['D' 'E' 'J' 'E' 'A' 'E' 'B' 'H' 'F' 'C' 'I' 'G' 'A' 'B' 'D' 'J' 'J' 'D'
  'G' 'J']
 ['J' 'F' 'F' 'C' 'D' 'H' 'D' 'I' 'H' 'B' 'C' 'C' 'H' 'I' 'E' 'H' 'A' 'A'
  'F' 'I']
 ['C' 'G' 'H' 'D' 'J' 'G' 'G' 'B' 'C' 'G' 'E' 'J' 'C' 'J' 'A' 'F' 'E' 'C'
  'H' 'H']
 ['F' 'H' 'G' 'B' 'E' 'F' 'A' 'D' 'G' 'A' 'D' 'I' 'D' 'A' 'J' 'G' 'D' 'H'
  'C' 'C']
 ['E' 'C' 'D' 'A' 'I' 'C' 'F' 'C' 'J' 'H' 'F' 'H' 'B' 'C' 'B' 'B' 'B' 'E'
  'J' 'G']]",Anti-plurality voting,NDCG,"[0.6970999559630591, 0.5526813950747301, 0.3823128019983296, 0.28162095014017396, 0.184268213815846, 0.7938773713147165, 0.13674509661667617, 0.45301954780676074, 0.5648498348608579, 0.33185253647882595, 0.334335001181644, 0.45544929610555696, 0.28628927941382554, 0.45602722609588053, 0.2298841872848683, 0.5993979031027247, 0.19683862081546757, 0.2595905724939068, 0.7214394445529677, 0.4929898380894326]",Winner change risk,0.1009
"[['I' 'J' 'I' 'C' 'D' 'D' 'H' 'C' 'G' 'E' 'D' 'D' 'H' 'D' 'H' 'A' 'B' 'C'
  'J' 'B']
 ['J' 'C' 'B' 'I' 'J' 'G' 'C' 'D' 'E' 'D' 'C' 'G' 'G' 'A' 'C' 'B' 'A' 'D'
  'H' 'D']
 ['A' 'E' 'E' 'E' 'H' 'E' 'I' 'B' 'B' 'J' 'E' 'H' 'C' 'I' 'A' 'D' 'E' 'E'
  'I' 'F']
 ['E' 'G' 'D' 'H' 'C' 'C' 'D' 'A' 'H' 'I' 'B' 'I' 'I' 'C' 'G' 'H' 'J' 'G'
  'F' 'H']
 ['F' 'I' 'F' 'F' 'A' 'H' 'G' 'E' 'I' 'F' 'I' 'B' 'J' 'G' 'E' 'G' 'F' 'B'
  'C' 'G']
 ['B' 'A' 'G' 'G' 'F' 'F' 'B' 'F' 'A' 'H' 'G' 'A' 'F' 'B' 'B' 'E' 'D' 'I'
  'B' 'A']
 ['C' 'D' 'C' 'J' 'I' 'I' 'F' 'J' 'D' 'B' 'F' 'C' 'E' 'J' 'J' 'C' 'C' 'A'
  'A' 'J']
 ['D' 'H' 'A' 'B' 'E' 'J' 'J' 'H' 'J' 'G' 'A' 'J' 'A' 'F' 'D' 'J' 'H' 'F'
  'D' 'I']
 ['H' 'F' 'H' 'D' 'B' 'A' 'A' 'G' 'C' 'A' 'H' 'E' 'D' 'H' 'I' 'I' 'I' 'H'
  'E' 'C']
 ['G' 'B' 'J' 'A' 'G' 'B' 'E' 'I' 'F' 'C' 'J' 'F' 'B' 'E' 'F' 'F' 'G' 'J'
  'G' 'E']]",Anti-plurality voting,NDCG,"[0.24338184081081995, 0.1605066552162611, 0.3069904433202688, 0.423838376184024, 0.8783077750857634, 0.7212634817761379, 0.7705704963326474, 0.6276017865392971, 0.20537134493578307, 0.3490412310922648, 0.647270336837901, 0.7233966956694841, 0.528691223020828, 0.8035633463980263, 0.6582855256610346, 0.7031502153805566, 0.184268213815846, 0.5018191623417325, 0.36968967859468616, 0.4748238552898293]",Winner change risk,0.1957
"[['F' 'H' 'B' 'A' 'H' 'C' 'B' 'F' 'I' 'H']
 ['D' 'B' 'C' 'J' 'J' 'H' 'E' 'B' 'J' 'A']
 ['J' 'A' 'F' 'B' 'D' 'D' 'I' 'D' 'G' 'B']
 ['E' 'D' 'H' 'E' 'A' 'G' 'A' 'E' 'B' 'G']
 ['H' 'J' 'J' 'H' 'I' 'E' 'J' 'C' 'C' 'I']
 ['G' 'E' 'I' 'D' 'G' 'B' 'F' 'A' 'F' 'F']
 ['A' 'F' 'G' 'C' 'F' 'F' 'G' 'G' 'D' 'E']
 ['I' 'I' 'A' 'G' 'E' 'A' 'C' 'J' 'E' 'J']
 ['B' 'G' 'E' 'I' 'B' 'J' 'H' 'I' 'A' 'C']
 ['C' 'C' 'D' 'F' 'C' 'I' 'D' 'H' 'H' 'D']]",Anti-plurality voting,NDCG,"[0.17445899235972848, 0.5267339719043117, 0.4270721246363423, 0.8686745164064757, 0.27106044493455617, 0.19683862081546757, 0.8209780454481292, 0.37147357595202585, 0.326485639859696, 0.5856742451401089]",Winner change risk,0.0988
"[['E' 'C' 'A' 'D' 'H' 'I' 'H' 'D' 'B' 'G']
 ['J' 'B' 'F' 'E' 'E' 'B' 'D' 'G' 'D' 'I']
 ['H' 'F' 'J' 'G' 'J' 'C' 'I' 'C' 'C' 'B']
 ['C' 'H' 'I' 'B' 'C' 'J' 'C' 'E' 'J' 'E']
 ['B' 'I' 'E' 'J' 'I' 'F' 'A' 'I' 'A' 'C']
 ['I' 'J' 'D' 'I' 'F' 'D' 'B' 'J' 'I' 'D']
 ['D' 'A' 'C' 'C' 'G' 'A' 'E' 'F' 'H' 'H']
 ['F' 'E' 'G' 'A' 'A' 'H' 'F' 'H' 'G' 'F']
 ['A' 'G' 'H' 'H' 'B' 'G' 'G' 'A' 'F' 'J']
 ['G' 'D' 'B' 'F' 'D' 'E' 'J' 'B' 'E' 'A']]",Anti-plurality voting,NDCG,"[0.40434317964459676, 0.8161337533976479, 0.38191083478483584, 0.0, 0.7120321903103439, 0.5731012291228343, 0.8204001154578056, 0.3563653788279112, 0.3187041994888808, 0.37257411051099804]",Winner change risk,0.1021
"[['I' 'I' 'J' 'F' 'C' 'G' 'E' 'A' 'J' 'E']
 ['D' 'G' 'F' 'H' 'J' 'J' 'B' 'D' 'F' 'D']
 ['G' 'A' 'H' 'A' 'D' 'E' 'F' 'C' 'C' 'F']
 ['C' 'F' 'G' 'B' 'E' 'I' 'I' 'I' 'B' 'G']
 ['J' 'B' 'I' 'I' 'B' 'F' 'D' 'G' 'G' 'I']
 ['B' 'D' 'E' 'C' 'F' 'C' 'C' 'B' 'A' 'B']
 ['H' 'J' 'C' 'G' 'I' 'B' 'H' 'J' 'E' 'J']
 ['F' 'C' 'D' 'D' 'G' 'A' 'J' 'H' 'D' 'A']
 ['E' 'H' 'A' 'J' 'H' 'H' 'G' 'E' 'I' 'C']
 ['A' 'E' 'B' 'E' 'A' 'D' 'A' 'F' 'H' 'H']]",Anti-plurality voting,NDCG,"[0.7717237472956415, 0.5754103400664757, 0.47539917626249983, 0.1549110794162794, 0.647270336837901, 0.6380390453721072, 0.18720536213617983, 0.5198091823645061, 0.6306595722147857, 0.2806937036138439]",Winner change risk,0.1025
"[['B' 'D' 'D' 'A' 'B']
 ['A' 'C' 'A' 'B' 'D']
 ['E' 'B' 'E' 'D' 'A']
 ['C' 'E' 'C' 'E' 'C']
 ['D' 'A' 'B' 'C' 'E']]",Anti-plurality voting,Kendall Tau,"[0.0, 0.0, 0.0, 0.4, 0.2]",Winner change risk,0.6018518518518519
"[['C' 'E' 'D' 'D' 'A']
 ['A' 'A' 'B' 'B' 'C']
 ['B' 'C' 'E' 'E' 'E']
 ['E' 'B' 'A' 'A' 'B']
 ['D' 'D' 'C' 'C' 'D']]",Anti-plurality voting,Kendall Tau,"[0.2, 0.2, 0.4, 0.4, 0.6]",Winner change risk,0.0
"[['E' 'B' 'B' 'D' 'B']
 ['C' 'E' 'A' 'C' 'D']
 ['A' 'A' 'E' 'E' 'C']
 ['B' 'C' 'D' 'A' 'E']
 ['D' 'D' 'C' 'B' 'A']]",Anti-plurality voting,Kendall Tau,"[0.4, 0.4, 0.2, 0.0, 0.0]",Winner change risk,0.3838383838383838
"[['C' 'D' 'A' 'E' 'C' 'A' 'B' 'C' 'E' 'B' 'B' 'D' 'C' 'A' 'A' 'E' 'B' 'E'
  'D' 'B']
 ['B' 'E' 'D' 'D' 'A' 'D' 'C' 'D' 'D' 'D' 'E' 'E' 'A' 'C' 'B' 'C' 'E' 'D'
  'B' 'C']
 ['A' 'C' 'E' 'B' 'B' 'B' 'E' 'B' 'A' 'C' 'D' 'B' 'E' 'B' 'C' 'D' 'C' 'C'
  'A' 'E']
 ['E' 'B' 'C' 'C' 'D' 'C' 'D' 'A' 'C' 'A' 'C' 'C' 'B' 'E' 'D' 'A' 'D' 'A'
  'E' 'A']
 ['D' 'A' 'B' 'A' 'E' 'E' 'A' 'E' 'B' 'E' 'A' 'A' 'D' 'D' 'E' 'B' 'A' 'B'
  'C' 'D']]",Anti-plurality voting,Kendall Tau,"[0.6, 0.2, 0.0, 0.2, 0.2, 0.0, 0.2, 0.2, 0.0, 0.0, 0.4, 0.2, 0.2, 0.2, 0.2, 0.2, 0.2, 0.0, 0.4, 0.0]",Winner change risk,0.0
"[['C' 'D' 'E' 'B' 'E' 'E' 'C' 'D' 'D' 'A' 'C' 'B' 'B' 'B' 'C' 'E' 'D' 'C'
  'A' 'A']
 ['D' 'B' 'B' 'E' 'B' 'A' 'D' 'E' 'A' 'E' 'B' 'A' 'D' 'C' 'B' 'A' 'E' 'B'
  'D' 'B']
 ['E' 'A' 'D' 'C' 'C' 'B' 'A' 'B' 'B' 'D' 'E' 'D' 'E' 'E' 'A' 'C' 'A' 'D'
  'E' 'D']
 ['B' 'C' 'A' 'D' 'A' 'D' 'E' 'A' 'C' 'B' 'D' 'C' 'A' 'D' 'E' 'B' 'C' 'E'
  'B' 'E']
 ['A' 'E' 'C' 'A' 'D' 'C' 'B' 'C' 'E' 'C' 'A' 'E' 'C' 'A' 'D' 'D' 'B' 'A'
  'C' 'C']]",Anti-plurality voting,Kendall Tau,"[0.4, 0.0, 0.4, 0.2, 0.2, 0.2, 0.2, 0.4, 0.0, 0.2, 0.2, 0.2, 1.0, 0.4, 0.0, 0.0, 0.0, 0.0, 0.6, 0.2]",Winner change risk,0.21428571428571427
"[['C' 'A' 'A' 'D' 'B' 'A' 'E' 'D' 'D' 'B' 'E' 'D' 'E' 'B' 'D' 'B' 'E' 'B'
  'E' 'E']
 ['B' 'D' 'B' 'E' 'A' 'B' 'A' 'E' 'A' 'E' 'D' 'B' 'B' 'D' 'C' 'E' 'A' 'A'
  'D' 'B']
 ['D' 'E' 'E' 'C' 'E' 'C' 'C' 'B' 'E' 'C' 'C' 'C' 'C' 'A' 'E' 'A' 'B' 'C'
  'A' 'C']
 ['A' 'C' 'D' 'B' 'D' 'E' 'D' 'A' 'C' 'D' 'B' 'A' 'A' 'E' 'B' 'D' 'C' 'D'
  'C' 'D']
 ['E' 'B' 'C' 'A' 'C' 'D' 'B' 'C' 'B' 'A' 'A' 'E' 'D' 'C' 'A' 'C' 'D' 'E'
  'B' 'A']]",Anti-plurality voting,Kendall Tau,"[0.2, 0.0, 0.2, 0.4, 0.2, 0.0, 0.0, 1.0, 0.2, 0.2, 0.0, 0.4, 0.2, 0.2, 0.2, 0.4, 0.2, 0.0, 0.0, 0.0]",Winner change risk,0.580952380952381
"[['E' 'C' 'B' 'D' 'D' 'A' 'E' 'C' 'C' 'C']
 ['C' 'E' 'A' 'E' 'A' 'D' 'C' 'A' 'A' 'E']
 ['D' 'D' 'D' 'B' 'B' 'E' 'B' 'D' 'E' 'A']
 ['A' 'B' 'C' 'A' 'E' 'C' 'A' 'E' 'D' 'D']
 ['B' 'A' 'E' 'C' 'C' 'B' 'D' 'B' 'B' 'B']]",Anti-plurality voting,Kendall Tau,"[0.2, 0.0, 0.2, 0.0, 0.0, 1.0, 0.0, 0.2, 0.4, 0.2]",Winner change risk,0.425531914893617
"[['A' 'C' 'D' 'A' 'B' 'E' 'A' 'A' 'A' 'C']
 ['C' 'A' 'B' 'B' 'C' 'B' 'B' 'B' 'E' 'B']
 ['B' 'E' 'C' 'D' 'E' 'D' 'E' 'C' 'B' 'D']
 ['D' 'B' 'E' 'E' 'D' 'A' 'D' 'E' 'D' 'E']
 ['E' 'D' 'A' 'C' 'A' 'C' 'C' 'D' 'C' 'A']]",Anti-plurality voting,Kendall Tau,"[0.0, 0.0, 0.0, 0.4, 0.2, 0.6, 0.2, 0.0, 0.4, 0.2]",Winner change risk,0.0
"[['A' 'B' 'A' 'A' 'D' 'C' 'C' 'A' 'B' 'D']
 ['C' 'D' 'E' 'B' 'B' 'B' 'D' 'E' 'E' 'C']
 ['E' 'E' 'D' 'C' 'A' 'A' 'B' 'D' 'C' 'B']
 ['D' 'A' 'C' 'E' 'C' 'E' 'A' 'C' 'A' 'A']
 ['B' 'C' 'B' 'D' 'E' 'D' 'E' 'B' 'D' 'E']]",Anti-plurality voting,Kendall Tau,"[0.6, 0.0, 0.2, 0.2, 0.2, 0.0, 0.4, 0.2, 0.0, 0.6]",Winner change risk,0.0
"[['C' 'A' 'C' 'B' 'B']
 ['A' 'B' 'B' 'A' 'C']
 ['B' 'C' 'A' 'C' 'A']]",Anti-plurality voting,Kendall Tau,"[0.33333333333333337, 0.33333333333333337, 0.0, 1.0, 0.33333333333333337]",Winner change risk,0.6666666666666666
"[['C' 'A' 'C' 'A' 'A']
 ['A' 'B' 'B' 'B' 'C']
 ['B' 'C' 'A' 'C' 'B']]",Anti-plurality voting,Kendall Tau,"[0.0, 1.0, 0.33333333333333337, 1.0, 0.33333333333333337]",Winner change risk,0.3333333333333333
"[['A' 'B' 'A' 'B' 'A']
 ['B' 'C' 'B' 'A' 'B']
 ['C' 'A' 'C' 'C' 'C']]",Anti-plurality voting,Kendall Tau,"[0.33333333333333337, 0.33333333333333337, 0.33333333333333337, 1.0, 0.33333333333333337]",Winner change risk,0.3333333333333333
"[['A' 'C' 'B' 'C' 'B' 'B' 'B' 'C' 'B' 'B' 'C' 'C' 'A' 'C' 'B' 'B' 'B' 'C'
  'B' 'A']
 ['C' 'B' 'A' 'A' 'A' 'C' 'C' 'A' 'A' 'C' 'A' 'A' 'B' 'A' 'C' 'A' 'C' 'A'
  'C' 'B']
 ['B' 'A' 'C' 'B' 'C' 'A' 'A' 'B' 'C' 'A' 'B' 'B' 'C' 'B' 'A' 'C' 'A' 'B'
  'A' 'C']]",Anti-plurality voting,Kendall Tau,"[0.33333333333333337, 0.33333333333333337, 0.33333333333333337, 1.0, 0.33333333333333337, 0.0, 0.0, 1.0, 0.33333333333333337, 0.0, 1.0, 1.0, 0.0, 1.0, 0.0, 0.33333333333333337, 0.0, 1.0, 0.0, 0.0]",Winner change risk,0.3333333333333333
"[['B' 'C' 'C' 'C' 'B' 'C' 'B' 'B' 'B' 'B' 'C' 'A' 'B' 'B' 'B' 'C' 'C' 'B'
  'C' 'B']
 ['C' 'A' 'B' 'A' 'C' 'B' 'A' 'A' 'A' 'C' 'B' 'B' 'C' 'A' 'A' 'B' 'B' 'C'
  'B' 'A']
 ['A' 'B' 'A' 'B' 'A' 'A' 'C' 'C' 'C' 'A' 'A' 'C' 'A' 'C' 'C' 'A' 'A' 'A'
  'A' 'C']]",Anti-plurality voting,Kendall Tau,"[1.0, 0.0, 0.33333333333333337, 0.0, 1.0, 0.33333333333333337, 0.33333333333333337, 0.33333333333333337, 0.33333333333333337, 1.0, 0.33333333333333337, 0.0, 1.0, 0.33333333333333337, 0.33333333333333337, 0.33333333333333337, 0.33333333333333337, 1.0, 0.33333333333333337, 0.33333333333333337]",Winner change risk,0.0
"[['C' 'B' 'C' 'C' 'A' 'C' 'B' 'B' 'C' 'B' 'A' 'B' 'B' 'A' 'C' 'A' 'A' 'B'
  'B' 'A']
 ['B' 'A' 'A' 'B' 'C' 'A' 'C' 'A' 'B' 'A' 'B' 'A' 'C' 'C' 'A' 'B' 'B' 'A'
  'C' 'B']
 ['A' 'C' 'B' 'A' 'B' 'B' 'A' 'C' 'A' 'C' 'C' 'C' 'A' 'B' 'B' 'C' 'C' 'C'
  'A' 'C']]",Anti-plurality voting,Kendall Tau,"[0.0, 1.0, 0.33333333333333337, 0.0, 0.0, 0.33333333333333337, 0.33333333333333337, 1.0, 0.0, 1.0, 0.33333333333333337, 1.0, 0.33333333333333337, 0.0, 0.33333333333333337, 0.33333333333333337, 0.33333333333333337, 1.0, 0.33333333333333337, 0.33333333333333337]",Winner change risk,0.6666666666666666
"[['C' 'B' 'A' 'B' 'A' 'B' 'B' 'B' 'C' 'C']
 ['A' 'A' 'B' 'C' 'B' 'A' 'A' 'A' 'A' 'B']
 ['B' 'C' 'C' 'A' 'C' 'C' 'C' 'C' 'B' 'A']]",Anti-plurality voting,Kendall Tau,"[0.0, 0.33333333333333337, 1.0, 0.0, 1.0, 0.33333333333333337, 0.33333333333333337, 0.33333333333333337, 0.0, 0.33333333333333337]",Winner change risk,0.6666666666666666
"[['A' 'B' 'B' 'A' 'B' 'A' 'A' 'B' 'C' 'A']
 ['B' 'A' 'A' 'C' 'C' 'C' 'C' 'C' 'B' 'C']
 ['C' 'C' 'C' 'B' 'A' 'B' 'B' 'A' 'A' 'B']]",Anti-plurality voting,Kendall Tau,"[0.33333333333333337, 0.0, 0.0, 1.0, 0.33333333333333337, 1.0, 1.0, 0.33333333333333337, 0.0, 1.0]",Winner change risk,0.6666666666666666
"[['C' 'B' 'C' 'C' 'C' 'C' 'B' 'A' 'C' 'A']
 ['B' 'C' 'B' 'A' 'A' 'B' 'C' 'B' 'B' 'C']
 ['A' 'A' 'A' 'B' 'B' 'A' 'A' 'C' 'A' 'B']]",Anti-plurality voting,Kendall Tau,"[1.0, 0.33333333333333337, 1.0, 0.33333333333333337, 0.33333333333333337, 1.0, 0.33333333333333337, 0.33333333333333337, 1.0, 0.0]",Winner change risk,0.3333333333333333
"[['B' 'H' 'B' 'J' 'C']
 ['C' 'A' 'H' 'I' 'J']
 ['H' 'C' 'I' 'B' 'D']
 ['I' 'J' 'C' 'A' 'B']
 ['E' 'G' 'G' 'G' 'F']
 ['A' 'B' 'A' 'C' 'I']
 ['D' 'D' 'J' 'E' 'G']
 ['G' 'F' 'D' 'H' 'E']
 ['J' 'E' 'F' 'D' 'H']
 ['F' 'I' 'E' 'F' 'A']]",Anti-plurality voting,Kendall Tau,"[0.3, 0.0, 0.09999999999999998, 0.09999999999999998, 0.2]",Winner change risk,0.1107
"[['J' 'D' 'H' 'I' 'D']
 ['H' 'E' 'B' 'D' 'C']
 ['E' 'H' 'I' 'G' 'J']
 ['D' 'I' 'C' 'F' 'B']
 ['G' 'B' 'F' 'A' 'A']
 ['I' 'G' 'J' 'C' 'F']
 ['B' 'F' 'A' 'E' 'H']
 ['C' 'A' 'E' 'J' 'I']
 ['A' 'C' 'G' 'B' 'G']
 ['F' 'J' 'D' 'H' 'E']]",Anti-plurality voting,Kendall Tau,"[0.0, 0.09999999999999998, 0.09999999999999998, 0.09999999999999998, 0.0]",Winner change risk,0.1002
"[['H' 'D' 'D' 'I' 'E']
 ['E' 'H' 'A' 'J' 'C']
 ['D' 'A' 'F' 'A' 'H']
 ['I' 'B' 'B' 'E' 'G']
 ['B' 'G' 'I' 'F' 'B']
 ['C' 'C' 'G' 'B' 'J']
 ['F' 'F' 'J' 'H' 'I']
 ['G' 'J' 'E' 'G' 'D']
 ['A' 'I' 'H' 'D' 'F']
 ['J' 'E' 'C' 'C' 'A']]",Anti-plurality voting,Kendall Tau,"[0.0, 0.0, 0.3, 0.09999999999999998, 0.09999999999999998]",Winner change risk,0.1049
"[['F' 'A' 'D' 'J' 'G' 'F' 'I' 'C' 'F' 'E' 'H' 'G' 'J' 'I' 'B' 'G' 'F' 'G'
  'G' 'I']
 ['A' 'I' 'B' 'A' 'H' 'J' 'E' 'G' 'I' 'F' 'C' 'I' 'B' 'B' 'D' 'B' 'J' 'E'
  'C' 'E']
 ['C' 'B' 'C' 'G' 'D' 'C' 'F' 'I' 'H' 'D' 'J' 'C' 'F' 'E' 'H' 'E' 'I' 'A'
  'I' 'F']
 ['D' 'C' 'A' 'D' 'A' 'H' 'C' 'F' 'B' 'B' 'I' 'H' 'C' 'G' 'G' 'A' 'D' 'B'
  'B' 'C']
 ['B' 'H' 'J' 'E' 'E' 'A' 'H' 'H' 'E' 'A' 'A' 'B' 'E' 'C' 'A' 'J' 'E' 'F'
  'E' 'G']
 ['E' 'D' 'I' 'H' 'I' 'I' 'D' 'D' 'D' 'G' 'F' 'J' 'I' 'J' 'J' 'H' 'G' 'C'
  'H' 'J']
 ['I' 'E' 'E' 'F' 'C' 'D' 'A' 'E' 'C' 'C' 'D' 'F' 'D' 'D' 'E' 'I' 'C' 'D'
  'F' 'B']
 ['J' 'F' 'H' 'B' 'F' 'G' 'G' 'J' 'J' 'H' 'E' 'E' 'H' 'H' 'I' 'F' 'H' 'H'
  'A' 'A']
 ['G' 'J' 'G' 'I' 'J' 'E' 'B' 'B' 'G' 'J' 'B' 'A' 'G' 'A' 'F' 'D' 'A' 'J'
  'J' 'D']
 ['H' 'G' 'F' 'C' 'B' 'B' 'J' 'A' 'A' 'I' 'G' 'D' 'A' 'F' 'C' 'C' 'B' 'I'
  'D' 'H']]",Anti-plurality voting,Kendall Tau,"[0.09999999999999998, 0.0, 0.0, 0.2, 0.09999999999999998, 0.09999999999999998, 0.09999999999999998, 0.2, 0.0, 0.2, 0.09999999999999998, 0.0, 0.0, 0.0, 0.09999999999999998, 0.3, 0.09999999999999998, 0.0, 0.2, 0.2]",Winner change risk,0.0977
"[['A' 'B' 'E' 'F' 'H' 'D' 'J' 'E' 'B' 'E' 'J' 'F' 'F' 'E' 'H' 'I' 'H' 'B'
  'I' 'B']
 ['H' 'D' 'C' 'G' 'G' 'A' 'E' 'J' 'I' 'J' 'H' 'E' 'I' 'D' 'F' 'C' 'F' 'G'
  'D' 'D']
 ['I' 'I' 'B' 'I' 'C' 'I' 'C' 'G' 'D' 'F' 'G' 'A' 'J' 'F' 'G' 'E' 'C' 'J'
  'A' 'F']
 ['B' 'A' 'A' 'H' 'F' 'J' 'H' 'A' 'A' 'I' 'B' 'B' 'G' 'H' 'I' 'D' 'I' 'F'
  'B' 'A']
 ['G' 'J' 'I' 'J' 'B' 'B' 'I' 'F' 'E' 'D' 'A' 'D' 'E' 'G' 'C' 'A' 'G' 'I'
  'E' 'E']
 ['D' 'E' 'J' 'E' 'A' 'E' 'B' 'H' 'F' 'C' 'I' 'G' 'A' 'B' 'D' 'J' 'J' 'D'
  'G' 'J']
 ['J' 'F' 'F' 'C' 'D' 'H' 'D' 'I' 'H' 'B' 'C' 'C' 'H' 'I' 'E' 'H' 'A' 'A'
  'F' 'I']
 ['C' 'G' 'H' 'D' 'J' 'G' 'G' 'B' 'C' 'G' 'E' 'J' 'C' 'J' 'A' 'F' 'E' 'C'
  'H' 'H']
 ['F' 'H' 'G' 'B' 'E' 'F' 'A' 'D' 'G' 'A' 'D' 'I' 'D' 'A' 'J' 'G' 'D' 'H'
  'C' 'C']
 ['E' 'C' 'D' 'A' 'I' 'C' 'F' 'C' 'J' 'H' 'F' 'H' 'B' 'C' 'B' 'B' 'B' 'E'
  'J' 'G']]",Anti-plurality voting,Kendall Tau,"[0.09999999999999998, 0.2, 0.0, 0.09999999999999998, 0.09999999999999998, 0.2, 0.0, 0.2, 0.3, 0.09999999999999998, 0.09999999999999998, 0.09999999999999998, 0.2, 0.3, 0.2, 0.09999999999999998, 0.09999999999999998, 0.0, 0.2, 0.2]",Winner change risk,0.2001
"[['I' 'J' 'I' 'C' 'D' 'D' 'H' 'C' 'G' 'E' 'D' 'D' 'H' 'D' 'H' 'A' 'B' 'C'
  'J' 'B']
 ['J' 'C' 'B' 'I' 'J' 'G' 'C' 'D' 'E' 'D' 'C' 'G' 'G' 'A' 'C' 'B' 'A' 'D'
  'H' 'D']
 ['A' 'E' 'E' 'E' 'H' 'E' 'I' 'B' 'B' 'J' 'E' 'H' 'C' 'I' 'A' 'D' 'E' 'E'
  'I' 'F']
 ['E' 'G' 'D' 'H' 'C' 'C' 'D' 'A' 'H' 'I' 'B' 'I' 'I' 'C' 'G' 'H' 'J' 'G'
  'F' 'H']
 ['F' 'I' 'F' 'F' 'A' 'H' 'G' 'E' 'I' 'F' 'I' 'B' 'J' 'G' 'E' 'G' 'F' 'B'
  'C' 'G']
 ['B' 'A' 'G' 'G' 'F' 'F' 'B' 'F' 'A' 'H' 'G' 'A' 'F' 'B' 'B' 'E' 'D' 'I'
  'B' 'A']
 ['C' 'D' 'C' 'J' 'I' 'I' 'F' 'J' 'D' 'B' 'F' 'C' 'E' 'J' 'J' 'C' 'C' 'A'
  'A' 'J']
 ['D' 'H' 'A' 'B' 'E' 'J' 'J' 'H' 'J' 'G' 'A' 'J' 'A' 'F' 'D' 'J' 'H' 'F'
  'D' 'I']
 ['H' 'F' 'H' 'D' 'B' 'A' 'A' 'G' 'C' 'A' 'H' 'E' 'D' 'H' 'I' 'I' 'I' 'H'
  'E' 'C']
 ['G' 'B' 'J' 'A' 'G' 'B' 'E' 'I' 'F' 'C' 'J' 'F' 'B' 'E' 'F' 'F' 'G' 'J'
  'G' 'E']]",Anti-plurality voting,Kendall Tau,"[0.3, 0.2, 0.0, 0.0, 0.3, 0.3, 0.2, 0.0, 0.2, 0.0, 0.2, 0.2, 0.09999999999999998, 0.3, 0.2, 0.09999999999999998, 0.09999999999999998, 0.0, 0.3, 0.0]",Winner change risk,0.7966
"[['F' 'H' 'B' 'A' 'H' 'C' 'B' 'F' 'I' 'H']
 ['D' 'B' 'C' 'J' 'J' 'H' 'E' 'B' 'J' 'A']
 ['J' 'A' 'F' 'B' 'D' 'D' 'I' 'D' 'G' 'B']
 ['E' 'D' 'H' 'E' 'A' 'G' 'A' 'E' 'B' 'G']
 ['H' 'J' 'J' 'H' 'I' 'E' 'J' 'C' 'C' 'I']
 ['G' 'E' 'I' 'D' 'G' 'B' 'F' 'A' 'F' 'F']
 ['A' 'F' 'G' 'C' 'F' 'F' 'G' 'G' 'D' 'E']
 ['I' 'I' 'A' 'G' 'E' 'A' 'C' 'J' 'E' 'J']
 ['B' 'G' 'E' 'I' 'B' 'J' 'H' 'I' 'A' 'C']
 ['C' 'C' 'D' 'F' 'C' 'I' 'D' 'H' 'H' 'D']]",Anti-plurality voting,Kendall Tau,"[0.0, 0.2, 0.2, 0.09999999999999998, 0.0, 0.09999999999999998, 0.3, 0.09999999999999998, 0.09999999999999998, 0.4]",Winner change risk,0.101
"[['E' 'C' 'A' 'D' 'H' 'I' 'H' 'D' 'B' 'G']
 ['J' 'B' 'F' 'E' 'E' 'B' 'D' 'G' 'D' 'I']
 ['H' 'F' 'J' 'G' 'J' 'C' 'I' 'C' 'C' 'B']
 ['C' 'H' 'I' 'B' 'C' 'J' 'C' 'E' 'J' 'E']
 ['B' 'I' 'E' 'J' 'I' 'F' 'A' 'I' 'A' 'C']
 ['I' 'J' 'D' 'I' 'F' 'D' 'B' 'J' 'I' 'D']
 ['D' 'A' 'C' 'C' 'G' 'A' 'E' 'F' 'H' 'H']
 ['F' 'E' 'G' 'A' 'A' 'H' 'F' 'H' 'G' 'F']
 ['A' 'G' 'H' 'H' 'B' 'G' 'G' 'A' 'F' 'J']
 ['G' 'D' 'B' 'F' 'D' 'E' 'J' 'B' 'E' 'A']]",Anti-plurality voting,Kendall Tau,"[0.0, 0.09999999999999998, 0.0, 0.0, 0.0, 0.2, 0.09999999999999998, 0.0, 0.09999999999999998, 0.0]",Winner change risk,0.101
"[['I' 'I' 'J' 'F' 'C' 'G' 'E' 'A' 'J' 'E']
 ['D' 'G' 'F' 'H' 'J' 'J' 'B' 'D' 'F' 'D']
 ['G' 'A' 'H' 'A' 'D' 'E' 'F' 'C' 'C' 'F']
 ['C' 'F' 'G' 'B' 'E' 'I' 'I' 'I' 'B' 'G']
 ['J' 'B' 'I' 'I' 'B' 'F' 'D' 'G' 'G' 'I']
 ['B' 'D' 'E' 'C' 'F' 'C' 'C' 'B' 'A' 'B']
 ['H' 'J' 'C' 'G' 'I' 'B' 'H' 'J' 'E' 'J']
 ['F' 'C' 'D' 'D' 'G' 'A' 'J' 'H' 'D' 'A']
 ['E' 'H' 'A' 'J' 'H' 'H' 'G' 'E' 'I' 'C']
 ['A' 'E' 'B' 'E' 'A' 'D' 'A' 'F' 'H' 'H']]",Anti-plurality voting,Kendall Tau,"[0.09999999999999998, 0.4, 0.0, 0.0, 0.4, 0.09999999999999998, 0.09999999999999998, 0.0, 0.0, 0.0]",Winner change risk,0.1998
"[['B' 'D' 'D' 'A' 'B']
 ['A' 'C' 'A' 'B' 'D']
 ['E' 'B' 'E' 'D' 'A']
 ['C' 'E' 'C' 'E' 'C']
 ['D' 'A' 'B' 'C' 'E']]",Anti-plurality voting,Bubble sort distance / Kendall Tau Distance,"[0.7, 0.30000000000000004, 0.4, 0.8, 0.7]",Winner change risk,0.20618556701030927
"[['C' 'E' 'D' 'D' 'A']
 ['A' 'A' 'B' 'B' 'C']
 ['B' 'C' 'E' 'E' 'E']
 ['E' 'B' 'A' 'A' 'B']
 ['D' 'D' 'C' 'C' 'D']]",Anti-plurality voting,Bubble sort distance / Kendall Tau Distance,"[0.7, 0.7, 0.4, 0.4, 0.7]",Winner change risk,0.21621621621621623
"[['E' 'B' 'B' 'D' 'B']
 ['C' 'E' 'A' 'C' 'D']
 ['A' 'A' 'E' 'E' 'C']
 ['B' 'C' 'D' 'A' 'E']
 ['D' 'D' 'C' 'B' 'A']]",Anti-plurality voting,Bubble sort distance / Kendall Tau Distance,"[0.8, 0.8, 0.6, 0.30000000000000004, 0.30000000000000004]",Winner change risk,0.19230769230769232
"[['C' 'D' 'A' 'E' 'C' 'A' 'B' 'C' 'E' 'B' 'B' 'D' 'C' 'A' 'A' 'E' 'B' 'E'
  'D' 'B']
 ['B' 'E' 'D' 'D' 'A' 'D' 'C' 'D' 'D' 'D' 'E' 'E' 'A' 'C' 'B' 'C' 'E' 'D'
  'B' 'C']
 ['A' 'C' 'E' 'B' 'B' 'B' 'E' 'B' 'A' 'C' 'D' 'B' 'E' 'B' 'C' 'D' 'C' 'C'
  'A' 'E']
 ['E' 'B' 'C' 'C' 'D' 'C' 'D' 'A' 'C' 'A' 'C' 'C' 'B' 'E' 'D' 'A' 'D' 'A'
  'E' 'A']
 ['D' 'A' 'B' 'A' 'E' 'E' 'A' 'E' 'B' 'E' 'A' 'A' 'D' 'D' 'E' 'B' 'A' 'B'
  'C' 'D']]",Anti-plurality voting,Bubble sort distance / Kendall Tau Distance,"[0.7, 0.6, 0.19999999999999996, 0.4, 0.7, 0.30000000000000004, 0.8, 0.8, 0.30000000000000004, 0.7, 0.6, 0.5, 0.5, 0.5, 0.5, 0.5, 0.7, 0.4, 0.4, 0.7]",Winner change risk,0.0
"[['C' 'D' 'E' 'B' 'E' 'E' 'C' 'D' 'D' 'A' 'C' 'B' 'B' 'B' 'C' 'E' 'D' 'C'
  'A' 'A']
 ['D' 'B' 'B' 'E' 'B' 'A' 'D' 'E' 'A' 'E' 'B' 'A' 'D' 'C' 'B' 'A' 'E' 'B'
  'D' 'B']
 ['E' 'A' 'D' 'C' 'C' 'B' 'A' 'B' 'B' 'D' 'E' 'D' 'E' 'E' 'A' 'C' 'A' 'D'
  'E' 'D']
 ['B' 'C' 'A' 'D' 'A' 'D' 'E' 'A' 'C' 'B' 'D' 'C' 'A' 'D' 'E' 'B' 'C' 'E'
  'B' 'E']
 ['A' 'E' 'C' 'A' 'D' 'C' 'B' 'C' 'E' 'C' 'A' 'E' 'C' 'A' 'D' 'D' 'B' 'A'
  'C' 'C']]",Anti-plurality voting,Bubble sort distance / Kendall Tau Distance,"[0.4, 0.7, 0.8, 0.7, 0.5, 0.6, 0.19999999999999996, 0.8, 0.6, 0.4, 0.5, 0.7, 1.0, 0.6, 0.30000000000000004, 0.4, 0.6, 0.6, 0.5, 0.7]",Winner change risk,0.0
"[['C' 'A' 'A' 'D' 'B' 'A' 'E' 'D' 'D' 'B' 'E' 'D' 'E' 'B' 'D' 'B' 'E' 'B'
  'E' 'E']
 ['B' 'D' 'B' 'E' 'A' 'B' 'A' 'E' 'A' 'E' 'D' 'B' 'B' 'D' 'C' 'E' 'A' 'A'
  'D' 'B']
 ['D' 'E' 'E' 'C' 'E' 'C' 'C' 'B' 'E' 'C' 'C' 'C' 'C' 'A' 'E' 'A' 'B' 'C'
  'A' 'C']
 ['A' 'C' 'D' 'B' 'D' 'E' 'D' 'A' 'C' 'D' 'B' 'A' 'A' 'E' 'B' 'D' 'C' 'D'
  'C' 'D']
 ['E' 'B' 'C' 'A' 'C' 'D' 'B' 'C' 'B' 'A' 'A' 'E' 'D' 'C' 'A' 'C' 'D' 'E'
  'B' 'A']]",Anti-plurality voting,Bubble sort distance / Kendall Tau Distance,"[0.30000000000000004, 0.6, 0.4, 0.8, 0.5, 0.19999999999999996, 0.5, 1.0, 0.7, 0.5, 0.7, 0.6, 0.5, 0.7, 0.7, 0.6, 0.5, 0.4, 0.7, 0.6]",Winner change risk,0.0
"[['E' 'C' 'B' 'D' 'D' 'A' 'E' 'C' 'C' 'C']
 ['C' 'E' 'A' 'E' 'A' 'D' 'C' 'A' 'A' 'E']
 ['D' 'D' 'D' 'B' 'B' 'E' 'B' 'D' 'E' 'A']
 ['A' 'B' 'C' 'A' 'E' 'C' 'A' 'E' 'D' 'D']
 ['B' 'A' 'E' 'C' 'C' 'B' 'D' 'B' 'B' 'B']]",Anti-plurality voting,Bubble sort distance / Kendall Tau Distance,"[0.5, 0.30000000000000004, 0.5, 0.6, 0.7, 1.0, 0.4, 0.7, 0.6, 0.5]",Winner change risk,0.22
"[['A' 'C' 'D' 'A' 'B' 'E' 'A' 'A' 'A' 'C']
 ['C' 'A' 'B' 'B' 'C' 'B' 'B' 'B' 'E' 'B']
 ['B' 'E' 'C' 'D' 'E' 'D' 'E' 'C' 'B' 'D']
 ['D' 'B' 'E' 'E' 'D' 'A' 'D' 'E' 'D' 'E']
 ['E' 'D' 'A' 'C' 'A' 'C' 'C' 'D' 'C' 'A']]",Anti-plurality voting,Bubble sort distance / Kendall Tau Distance,"[0.30000000000000004, 0.19999999999999996, 0.6, 0.6, 0.7, 0.9, 0.7, 0.5, 0.6, 0.5]",Winner change risk,0.0
"[['A' 'B' 'A' 'A' 'D' 'C' 'C' 'A' 'B' 'D']
 ['C' 'D' 'E' 'B' 'B' 'B' 'D' 'E' 'E' 'C']
 ['E' 'E' 'D' 'C' 'A' 'A' 'B' 'D' 'C' 'B']
 ['D' 'A' 'C' 'E' 'C' 'E' 'A' 'C' 'A' 'A']
 ['B' 'C' 'B' 'D' 'E' 'D' 'E' 'B' 'D' 'E']]",Anti-plurality voting,Bubble sort distance / Kendall Tau Distance,"[0.7, 0.4, 0.5, 0.8, 0.5, 0.7, 0.6, 0.5, 0.4, 0.5]",Winner change risk,0.0
"[['C' 'A' 'C' 'B' 'B']
 ['A' 'B' 'B' 'A' 'C']
 ['B' 'C' 'A' 'C' 'A']]",Anti-plurality voting,Bubble sort distance / Kendall Tau Distance,"[0.0, 0.6666666666666667, 0.33333333333333337, 1.0, 0.6666666666666667]",Winner change risk,0.0
"[['C' 'A' 'C' 'A' 'A']
 ['A' 'B' 'B' 'B' 'C']
 ['B' 'C' 'A' 'C' 'B']]",Anti-plurality voting,Bubble sort distance / Kendall Tau Distance,"[0.33333333333333337, 1.0, 0.0, 1.0, 0.6666666666666667]",Winner change risk,0.0
"[['A' 'B' 'A' 'B' 'A']
 ['B' 'C' 'B' 'A' 'B']
 ['C' 'A' 'C' 'C' 'C']]",Anti-plurality voting,Bubble sort distance / Kendall Tau Distance,"[0.6666666666666667, 0.6666666666666667, 0.6666666666666667, 1.0, 0.6666666666666667]",Winner change risk,0.3333333333333333
"[['A' 'C' 'B' 'C' 'B' 'B' 'B' 'C' 'B' 'B' 'C' 'C' 'A' 'C' 'B' 'B' 'B' 'C'
  'B' 'A']
 ['C' 'B' 'A' 'A' 'A' 'C' 'C' 'A' 'A' 'C' 'A' 'A' 'B' 'A' 'C' 'A' 'C' 'A'
  'C' 'B']
 ['B' 'A' 'C' 'B' 'C' 'A' 'A' 'B' 'C' 'A' 'B' 'B' 'C' 'B' 'A' 'C' 'A' 'B'
  'A' 'C']]",Anti-plurality voting,Bubble sort distance / Kendall Tau Distance,"[0.6666666666666667, 0.6666666666666667, 0.0, 1.0, 0.0, 0.33333333333333337, 0.33333333333333337, 1.0, 0.0, 0.33333333333333337, 1.0, 1.0, 0.33333333333333337, 1.0, 0.33333333333333337, 0.0, 0.33333333333333337, 1.0, 0.33333333333333337, 0.33333333333333337]",Winner change risk,0.0
"[['B' 'C' 'C' 'C' 'B' 'C' 'B' 'B' 'B' 'B' 'C' 'A' 'B' 'B' 'B' 'C' 'C' 'B'
  'C' 'B']
 ['C' 'A' 'B' 'A' 'C' 'B' 'A' 'A' 'A' 'C' 'B' 'B' 'C' 'A' 'A' 'B' 'B' 'C'
  'B' 'A']
 ['A' 'B' 'A' 'B' 'A' 'A' 'C' 'C' 'C' 'A' 'A' 'C' 'A' 'C' 'C' 'A' 'A' 'A'
  'A' 'C']]",Anti-plurality voting,Bubble sort distance / Kendall Tau Distance,"[1.0, 0.33333333333333337, 0.6666666666666667, 0.33333333333333337, 1.0, 0.6666666666666667, 0.6666666666666667, 0.6666666666666667, 0.6666666666666667, 1.0, 0.6666666666666667, 0.33333333333333337, 1.0, 0.6666666666666667, 0.6666666666666667, 0.6666666666666667, 0.6666666666666667, 1.0, 0.6666666666666667, 0.6666666666666667]",Winner change risk,0.0
"[['C' 'B' 'C' 'C' 'A' 'C' 'B' 'B' 'C' 'B' 'A' 'B' 'B' 'A' 'C' 'A' 'A' 'B'
  'B' 'A']
 ['B' 'A' 'A' 'B' 'C' 'A' 'C' 'A' 'B' 'A' 'B' 'A' 'C' 'C' 'A' 'B' 'B' 'A'
  'C' 'B']
 ['A' 'C' 'B' 'A' 'B' 'B' 'A' 'C' 'A' 'C' 'C' 'C' 'A' 'B' 'B' 'C' 'C' 'C'
  'A' 'C']]",Anti-plurality voting,Bubble sort distance / Kendall Tau Distance,"[0.33333333333333337, 1.0, 0.0, 0.33333333333333337, 0.33333333333333337, 0.0, 0.6666666666666667, 1.0, 0.33333333333333337, 1.0, 0.6666666666666667, 1.0, 0.6666666666666667, 0.33333333333333337, 0.0, 0.6666666666666667, 0.6666666666666667, 1.0, 0.6666666666666667, 0.6666666666666667]",Winner change risk,0.3333333333333333
"[['C' 'B' 'A' 'B' 'A' 'B' 'B' 'B' 'C' 'C']
 ['A' 'A' 'B' 'C' 'B' 'A' 'A' 'A' 'A' 'B']
 ['B' 'C' 'C' 'A' 'C' 'C' 'C' 'C' 'B' 'A']]",Anti-plurality voting,Bubble sort distance / Kendall Tau Distance,"[0.33333333333333337, 0.6666666666666667, 1.0, 0.33333333333333337, 1.0, 0.6666666666666667, 0.6666666666666667, 0.6666666666666667, 0.33333333333333337, 0.0]",Winner change risk,0.3333333333333333
"[['A' 'B' 'B' 'A' 'B' 'A' 'A' 'B' 'C' 'A']
 ['B' 'A' 'A' 'C' 'C' 'C' 'C' 'C' 'B' 'C']
 ['C' 'C' 'C' 'B' 'A' 'B' 'B' 'A' 'A' 'B']]",Anti-plurality voting,Bubble sort distance / Kendall Tau Distance,"[0.6666666666666667, 0.33333333333333337, 0.33333333333333337, 1.0, 0.0, 1.0, 1.0, 0.0, 0.33333333333333337, 1.0]",Winner change risk,0.0
"[['C' 'B' 'C' 'C' 'C' 'C' 'B' 'A' 'C' 'A']
 ['B' 'C' 'B' 'A' 'A' 'B' 'C' 'B' 'B' 'C']
 ['A' 'A' 'A' 'B' 'B' 'A' 'A' 'C' 'A' 'B']]",Anti-plurality voting,Bubble sort distance / Kendall Tau Distance,"[1.0, 0.6666666666666667, 1.0, 0.6666666666666667, 0.6666666666666667, 1.0, 0.6666666666666667, 0.0, 1.0, 0.33333333333333337]",Winner change risk,0.0
"[['B' 'H' 'B' 'J' 'C']
 ['C' 'A' 'H' 'I' 'J']
 ['H' 'C' 'I' 'B' 'D']
 ['I' 'J' 'C' 'A' 'B']
 ['E' 'G' 'G' 'G' 'F']
 ['A' 'B' 'A' 'C' 'I']
 ['D' 'D' 'J' 'E' 'G']
 ['G' 'F' 'D' 'H' 'E']
 ['J' 'E' 'F' 'D' 'H']
 ['F' 'I' 'E' 'F' 'A']]",Anti-plurality voting,Bubble sort distance / Kendall Tau Distance,"[0.6888888888888889, 0.6222222222222222, 0.6888888888888889, 0.5333333333333333, 0.6222222222222222]",Winner change risk,0.0
"[['J' 'D' 'H' 'I' 'D']
 ['H' 'E' 'B' 'D' 'C']
 ['E' 'H' 'I' 'G' 'J']
 ['D' 'I' 'C' 'F' 'B']
 ['G' 'B' 'F' 'A' 'A']
 ['I' 'G' 'J' 'C' 'F']
 ['B' 'F' 'A' 'E' 'H']
 ['C' 'A' 'E' 'J' 'I']
 ['A' 'C' 'G' 'B' 'G']
 ['F' 'J' 'D' 'H' 'E']]",Anti-plurality voting,Bubble sort distance / Kendall Tau Distance,"[0.19999999999999996, 0.4444444444444444, 0.48888888888888893, 0.5777777777777777, 0.5111111111111111]",Winner change risk,0.0
"[['H' 'D' 'D' 'I' 'E']
 ['E' 'H' 'A' 'J' 'C']
 ['D' 'A' 'F' 'A' 'H']
 ['I' 'B' 'B' 'E' 'G']
 ['B' 'G' 'I' 'F' 'B']
 ['C' 'C' 'G' 'B' 'J']
 ['F' 'F' 'J' 'H' 'I']
 ['G' 'J' 'E' 'G' 'D']
 ['A' 'I' 'H' 'D' 'F']
 ['J' 'E' 'C' 'C' 'A']]",Anti-plurality voting,Bubble sort distance / Kendall Tau Distance,"[0.6, 0.6666666666666667, 0.7333333333333334, 0.4, 0.37777777777777777]",Winner change risk,0.0
"[['F' 'A' 'D' 'J' 'G' 'F' 'I' 'C' 'F' 'E' 'H' 'G' 'J' 'I' 'B' 'G' 'F' 'G'
  'G' 'I']
 ['A' 'I' 'B' 'A' 'H' 'J' 'E' 'G' 'I' 'F' 'C' 'I' 'B' 'B' 'D' 'B' 'J' 'E'
  'C' 'E']
 ['C' 'B' 'C' 'G' 'D' 'C' 'F' 'I' 'H' 'D' 'J' 'C' 'F' 'E' 'H' 'E' 'I' 'A'
  'I' 'F']
 ['D' 'C' 'A' 'D' 'A' 'H' 'C' 'F' 'B' 'B' 'I' 'H' 'C' 'G' 'G' 'A' 'D' 'B'
  'B' 'C']
 ['B' 'H' 'J' 'E' 'E' 'A' 'H' 'H' 'E' 'A' 'A' 'B' 'E' 'C' 'A' 'J' 'E' 'F'
  'E' 'G']
 ['E' 'D' 'I' 'H' 'I' 'I' 'D' 'D' 'D' 'G' 'F' 'J' 'I' 'J' 'J' 'H' 'G' 'C'
  'H' 'J']
 ['I' 'E' 'E' 'F' 'C' 'D' 'A' 'E' 'C' 'C' 'D' 'F' 'D' 'D' 'E' 'I' 'C' 'D'
  'F' 'B']
 ['J' 'F' 'H' 'B' 'F' 'G' 'G' 'J' 'J' 'H' 'E' 'E' 'H' 'H' 'I' 'F' 'H' 'H'
  'A' 'A']
 ['G' 'J' 'G' 'I' 'J' 'E' 'B' 'B' 'G' 'J' 'B' 'A' 'G' 'A' 'F' 'D' 'A' 'J'
  'J' 'D']
 ['H' 'G' 'F' 'C' 'B' 'B' 'J' 'A' 'A' 'I' 'G' 'D' 'A' 'F' 'C' 'C' 'B' 'I'
  'D' 'H']]",Anti-plurality voting,Bubble sort distance / Kendall Tau Distance,"[0.4222222222222223, 0.2666666666666667, 0.33333333333333337, 0.7111111111111111, 0.5555555555555556, 0.48888888888888893, 0.5111111111111111, 0.4, 0.5333333333333333, 0.6222222222222222, 0.4222222222222223, 0.3555555555555555, 0.5555555555555556, 0.48888888888888893, 0.48888888888888893, 0.5333333333333333, 0.7333333333333334, 0.5111111111111111, 0.33333333333333337, 0.5333333333333333]",Winner change risk,0.0
"[['A' 'B' 'E' 'F' 'H' 'D' 'J' 'E' 'B' 'E' 'J' 'F' 'F' 'E' 'H' 'I' 'H' 'B'
  'I' 'B']
 ['H' 'D' 'C' 'G' 'G' 'A' 'E' 'J' 'I' 'J' 'H' 'E' 'I' 'D' 'F' 'C' 'F' 'G'
  'D' 'D']
 ['I' 'I' 'B' 'I' 'C' 'I' 'C' 'G' 'D' 'F' 'G' 'A' 'J' 'F' 'G' 'E' 'C' 'J'
  'A' 'F']
 ['B' 'A' 'A' 'H' 'F' 'J' 'H' 'A' 'A' 'I' 'B' 'B' 'G' 'H' 'I' 'D' 'I' 'F'
  'B' 'A']
 ['G' 'J' 'I' 'J' 'B' 'B' 'I' 'F' 'E' 'D' 'A' 'D' 'E' 'G' 'C' 'A' 'G' 'I'
  'E' 'E']
 ['D' 'E' 'J' 'E' 'A' 'E' 'B' 'H' 'F' 'C' 'I' 'G' 'A' 'B' 'D' 'J' 'J' 'D'
  'G' 'J']
 ['J' 'F' 'F' 'C' 'D' 'H' 'D' 'I' 'H' 'B' 'C' 'C' 'H' 'I' 'E' 'H' 'A' 'A'
  'F' 'I']
 ['C' 'G' 'H' 'D' 'J' 'G' 'G' 'B' 'C' 'G' 'E' 'J' 'C' 'J' 'A' 'F' 'E' 'C'
  'H' 'H']
 ['F' 'H' 'G' 'B' 'E' 'F' 'A' 'D' 'G' 'A' 'D' 'I' 'D' 'A' 'J' 'G' 'D' 'H'
  'C' 'C']
 ['E' 'C' 'D' 'A' 'I' 'C' 'F' 'C' 'J' 'H' 'F' 'H' 'B' 'C' 'B' 'B' 'B' 'E'
  'J' 'G']]",Anti-plurality voting,Bubble sort distance / Kendall Tau Distance,"[0.6, 0.6222222222222222, 0.33333333333333337, 0.5111111111111111, 0.4, 0.7111111111111111, 0.28888888888888886, 0.6, 0.6222222222222222, 0.4222222222222223, 0.4444444444444444, 0.5777777777777777, 0.5555555555555556, 0.6222222222222222, 0.5111111111111111, 0.5333333333333333, 0.4, 0.4222222222222223, 0.7555555555555555, 0.5333333333333333]",Winner change risk,0.1048
"[['I' 'J' 'I' 'C' 'D' 'D' 'H' 'C' 'G' 'E' 'D' 'D' 'H' 'D' 'H' 'A' 'B' 'C'
  'J' 'B']
 ['J' 'C' 'B' 'I' 'J' 'G' 'C' 'D' 'E' 'D' 'C' 'G' 'G' 'A' 'C' 'B' 'A' 'D'
  'H' 'D']
 ['A' 'E' 'E' 'E' 'H' 'E' 'I' 'B' 'B' 'J' 'E' 'H' 'C' 'I' 'A' 'D' 'E' 'E'
  'I' 'F']
 ['E' 'G' 'D' 'H' 'C' 'C' 'D' 'A' 'H' 'I' 'B' 'I' 'I' 'C' 'G' 'H' 'J' 'G'
  'F' 'H']
 ['F' 'I' 'F' 'F' 'A' 'H' 'G' 'E' 'I' 'F' 'I' 'B' 'J' 'G' 'E' 'G' 'F' 'B'
  'C' 'G']
 ['B' 'A' 'G' 'G' 'F' 'F' 'B' 'F' 'A' 'H' 'G' 'A' 'F' 'B' 'B' 'E' 'D' 'I'
  'B' 'A']
 ['C' 'D' 'C' 'J' 'I' 'I' 'F' 'J' 'D' 'B' 'F' 'C' 'E' 'J' 'J' 'C' 'C' 'A'
  'A' 'J']
 ['D' 'H' 'A' 'B' 'E' 'J' 'J' 'H' 'J' 'G' 'A' 'J' 'A' 'F' 'D' 'J' 'H' 'F'
  'D' 'I']
 ['H' 'F' 'H' 'D' 'B' 'A' 'A' 'G' 'C' 'A' 'H' 'E' 'D' 'H' 'I' 'I' 'I' 'H'
  'E' 'C']
 ['G' 'B' 'J' 'A' 'G' 'B' 'E' 'I' 'F' 'C' 'J' 'F' 'B' 'E' 'F' 'F' 'G' 'J'
  'G' 'E']]",Anti-plurality voting,Bubble sort distance / Kendall Tau Distance,"[0.4444444444444444, 0.4, 0.48888888888888893, 0.4666666666666667, 0.7555555555555555, 0.5111111111111111, 0.6444444444444444, 0.6666666666666667, 0.4222222222222223, 0.5111111111111111, 0.5777777777777777, 0.7111111111111111, 0.4444444444444444, 0.6888888888888889, 0.6222222222222222, 0.6888888888888889, 0.5555555555555556, 0.5333333333333333, 0.5333333333333333, 0.5555555555555556]",Winner change risk,0.0982
"[['F' 'H' 'B' 'A' 'H' 'C' 'B' 'F' 'I' 'H']
 ['D' 'B' 'C' 'J' 'J' 'H' 'E' 'B' 'J' 'A']
 ['J' 'A' 'F' 'B' 'D' 'D' 'I' 'D' 'G' 'B']
 ['E' 'D' 'H' 'E' 'A' 'G' 'A' 'E' 'B' 'G']
 ['H' 'J' 'J' 'H' 'I' 'E' 'J' 'C' 'C' 'I']
 ['G' 'E' 'I' 'D' 'G' 'B' 'F' 'A' 'F' 'F']
 ['A' 'F' 'G' 'C' 'F' 'F' 'G' 'G' 'D' 'E']
 ['I' 'I' 'A' 'G' 'E' 'A' 'C' 'J' 'E' 'J']
 ['B' 'G' 'E' 'I' 'B' 'J' 'H' 'I' 'A' 'C']
 ['C' 'C' 'D' 'F' 'C' 'I' 'D' 'H' 'H' 'D']]",Anti-plurality voting,Bubble sort distance / Kendall Tau Distance,"[0.4222222222222223, 0.6, 0.4444444444444444, 0.6888888888888889, 0.4, 0.33333333333333337, 0.8, 0.5777777777777777, 0.4666666666666667, 0.7111111111111111]",Winner change risk,0.1024
"[['E' 'C' 'A' 'D' 'H' 'I' 'H' 'D' 'B' 'G']
 ['J' 'B' 'F' 'E' 'E' 'B' 'D' 'G' 'D' 'I']
 ['H' 'F' 'J' 'G' 'J' 'C' 'I' 'C' 'C' 'B']
 ['C' 'H' 'I' 'B' 'C' 'J' 'C' 'E' 'J' 'E']
 ['B' 'I' 'E' 'J' 'I' 'F' 'A' 'I' 'A' 'C']
 ['I' 'J' 'D' 'I' 'F' 'D' 'B' 'J' 'I' 'D']
 ['D' 'A' 'C' 'C' 'G' 'A' 'E' 'F' 'H' 'H']
 ['F' 'E' 'G' 'A' 'A' 'H' 'F' 'H' 'G' 'F']
 ['A' 'G' 'H' 'H' 'B' 'G' 'G' 'A' 'F' 'J']
 ['G' 'D' 'B' 'F' 'D' 'E' 'J' 'B' 'E' 'A']]",Anti-plurality voting,Bubble sort distance / Kendall Tau Distance,"[0.4666666666666667, 0.7111111111111111, 0.5111111111111111, 0.2222222222222222, 0.6444444444444444, 0.6, 0.6666666666666667, 0.4444444444444444, 0.48888888888888893, 0.4666666666666667]",Winner change risk,0.0
"[['I' 'I' 'J' 'F' 'C' 'G' 'E' 'A' 'J' 'E']
 ['D' 'G' 'F' 'H' 'J' 'J' 'B' 'D' 'F' 'D']
 ['G' 'A' 'H' 'A' 'D' 'E' 'F' 'C' 'C' 'F']
 ['C' 'F' 'G' 'B' 'E' 'I' 'I' 'I' 'B' 'G']
 ['J' 'B' 'I' 'I' 'B' 'F' 'D' 'G' 'G' 'I']
 ['B' 'D' 'E' 'C' 'F' 'C' 'C' 'B' 'A' 'B']
 ['H' 'J' 'C' 'G' 'I' 'B' 'H' 'J' 'E' 'J']
 ['F' 'C' 'D' 'D' 'G' 'A' 'J' 'H' 'D' 'A']
 ['E' 'H' 'A' 'J' 'H' 'H' 'G' 'E' 'I' 'C']
 ['A' 'E' 'B' 'E' 'A' 'D' 'A' 'F' 'H' 'H']]",Anti-plurality voting,Bubble sort distance / Kendall Tau Distance,"[0.8, 0.5555555555555556, 0.5333333333333333, 0.4, 0.6888888888888889, 0.6666666666666667, 0.4666666666666667, 0.5777777777777777, 0.6222222222222222, 0.4666666666666667]",Winner change risk,0.1074
"[['B' 'D' 'D' 'A' 'B']
 ['A' 'C' 'A' 'B' 'D']
 ['E' 'B' 'E' 'D' 'A']
 ['C' 'E' 'C' 'E' 'C']
 ['D' 'A' 'B' 'C' 'E']]",Anti-plurality voting,Get Happiness,"[0, 0, 0, 1, 0]",Winner change risk,0.0
"[['C' 'E' 'D' 'D' 'A']
 ['A' 'A' 'B' 'B' 'C']
 ['B' 'C' 'E' 'E' 'E']
 ['E' 'B' 'A' 'A' 'B']
 ['D' 'D' 'C' 'C' 'D']]",Anti-plurality voting,Get Happiness,"[0, 0, 0, 0, 1]",Winner change risk,0.0
"[['E' 'B' 'B' 'D' 'B']
 ['C' 'E' 'A' 'C' 'D']
 ['A' 'A' 'E' 'E' 'C']
 ['B' 'C' 'D' 'A' 'E']
 ['D' 'D' 'C' 'B' 'A']]",Anti-plurality voting,Get Happiness,"[1, 0, 0, 0, 0]",Winner change risk,0.0
"[['C' 'D' 'A' 'E' 'C' 'A' 'B' 'C' 'E' 'B' 'B' 'D' 'C' 'A' 'A' 'E' 'B' 'E'
  'D' 'B']
 ['B' 'E' 'D' 'D' 'A' 'D' 'C' 'D' 'D' 'D' 'E' 'E' 'A' 'C' 'B' 'C' 'E' 'D'
  'B' 'C']
 ['A' 'C' 'E' 'B' 'B' 'B' 'E' 'B' 'A' 'C' 'D' 'B' 'E' 'B' 'C' 'D' 'C' 'C'
  'A' 'E']
 ['E' 'B' 'C' 'C' 'D' 'C' 'D' 'A' 'C' 'A' 'C' 'C' 'B' 'E' 'D' 'A' 'D' 'A'
  'E' 'A']
 ['D' 'A' 'B' 'A' 'E' 'E' 'A' 'E' 'B' 'E' 'A' 'A' 'D' 'D' 'E' 'B' 'A' 'B'
  'C' 'D']]",Anti-plurality voting,Get Happiness,"[1, 0, 0, 0, 1, 0, 0, 1, 0, 0, 0, 0, 1, 0, 0, 0, 0, 0, 0, 0]",Winner change risk,0.0
"[['C' 'D' 'E' 'B' 'E' 'E' 'C' 'D' 'D' 'A' 'C' 'B' 'B' 'B' 'C' 'E' 'D' 'C'
  'A' 'A']
 ['D' 'B' 'B' 'E' 'B' 'A' 'D' 'E' 'A' 'E' 'B' 'A' 'D' 'C' 'B' 'A' 'E' 'B'
  'D' 'B']
 ['E' 'A' 'D' 'C' 'C' 'B' 'A' 'B' 'B' 'D' 'E' 'D' 'E' 'E' 'A' 'C' 'A' 'D'
  'E' 'D']
 ['B' 'C' 'A' 'D' 'A' 'D' 'E' 'A' 'C' 'B' 'D' 'C' 'A' 'D' 'E' 'B' 'C' 'E'
  'B' 'E']
 ['A' 'E' 'C' 'A' 'D' 'C' 'B' 'C' 'E' 'C' 'A' 'E' 'C' 'A' 'D' 'D' 'B' 'A'
  'C' 'C']]",Anti-plurality voting,Get Happiness,"[0, 0, 0, 1, 0, 0, 0, 0, 0, 0, 0, 1, 1, 1, 0, 0, 0, 0, 0, 0]",Winner change risk,0.0
"[['C' 'A' 'A' 'D' 'B' 'A' 'E' 'D' 'D' 'B' 'E' 'D' 'E' 'B' 'D' 'B' 'E' 'B'
  'E' 'E']
 ['B' 'D' 'B' 'E' 'A' 'B' 'A' 'E' 'A' 'E' 'D' 'B' 'B' 'D' 'C' 'E' 'A' 'A'
  'D' 'B']
 ['D' 'E' 'E' 'C' 'E' 'C' 'C' 'B' 'E' 'C' 'C' 'C' 'C' 'A' 'E' 'A' 'B' 'C'
  'A' 'C']
 ['A' 'C' 'D' 'B' 'D' 'E' 'D' 'A' 'C' 'D' 'B' 'A' 'A' 'E' 'B' 'D' 'C' 'D'
  'C' 'D']
 ['E' 'B' 'C' 'A' 'C' 'D' 'B' 'C' 'B' 'A' 'A' 'E' 'D' 'C' 'A' 'C' 'D' 'E'
  'B' 'A']]",Anti-plurality voting,Get Happiness,"[0, 0, 0, 1, 0, 0, 0, 1, 1, 0, 0, 1, 0, 0, 1, 0, 0, 0, 0, 0]",Winner change risk,0.21296296296296297
"[['E' 'C' 'B' 'D' 'D' 'A' 'E' 'C' 'C' 'C']
 ['C' 'E' 'A' 'E' 'A' 'D' 'C' 'A' 'A' 'E']
 ['D' 'D' 'D' 'B' 'B' 'E' 'B' 'D' 'E' 'A']
 ['A' 'B' 'C' 'A' 'E' 'C' 'A' 'E' 'D' 'D']
 ['B' 'A' 'E' 'C' 'C' 'B' 'D' 'B' 'B' 'B']]",Anti-plurality voting,Get Happiness,"[0, 0, 0, 0, 0, 1, 0, 0, 0, 0]",Winner change risk,0.0
"[['A' 'C' 'D' 'A' 'B' 'E' 'A' 'A' 'A' 'C']
 ['C' 'A' 'B' 'B' 'C' 'B' 'B' 'B' 'E' 'B']
 ['B' 'E' 'C' 'D' 'E' 'D' 'E' 'C' 'B' 'D']
 ['D' 'B' 'E' 'E' 'D' 'A' 'D' 'E' 'D' 'E']
 ['E' 'D' 'A' 'C' 'A' 'C' 'C' 'D' 'C' 'A']]",Anti-plurality voting,Get Happiness,"[0, 0, 0, 0, 1, 0, 0, 0, 0, 0]",Winner change risk,0.0
"[['A' 'B' 'A' 'A' 'D' 'C' 'C' 'A' 'B' 'D']
 ['C' 'D' 'E' 'B' 'B' 'B' 'D' 'E' 'E' 'C']
 ['E' 'E' 'D' 'C' 'A' 'A' 'B' 'D' 'C' 'B']
 ['D' 'A' 'C' 'E' 'C' 'E' 'A' 'C' 'A' 'A']
 ['B' 'C' 'B' 'D' 'E' 'D' 'E' 'B' 'D' 'E']]",Anti-plurality voting,Get Happiness,"[1, 0, 1, 1, 0, 0, 0, 1, 0, 0]",Winner change risk,0.0
"[['C' 'A' 'C' 'B' 'B']
 ['A' 'B' 'B' 'A' 'C']
 ['B' 'C' 'A' 'C' 'A']]",Anti-plurality voting,Get Happiness,"[0, 0, 0, 1, 1]",Winner change risk,0.0
"[['C' 'A' 'C' 'A' 'A']
 ['A' 'B' 'B' 'B' 'C']
 ['B' 'C' 'A' 'C' 'B']]",Anti-plurality voting,Get Happiness,"[0, 1, 0, 1, 1]",Winner change risk,0.0
"[['A' 'B' 'A' 'B' 'A']
 ['B' 'C' 'B' 'A' 'B']
 ['C' 'A' 'C' 'C' 'C']]",Anti-plurality voting,Get Happiness,"[0, 1, 0, 1, 0]",Winner change risk,0.3333333333333333
"[['A' 'C' 'B' 'C' 'B' 'B' 'B' 'C' 'B' 'B' 'C' 'C' 'A' 'C' 'B' 'B' 'B' 'C'
  'B' 'A']
 ['C' 'B' 'A' 'A' 'A' 'C' 'C' 'A' 'A' 'C' 'A' 'A' 'B' 'A' 'C' 'A' 'C' 'A'
  'C' 'B']
 ['B' 'A' 'C' 'B' 'C' 'A' 'A' 'B' 'C' 'A' 'B' 'B' 'C' 'B' 'A' 'C' 'A' 'B'
  'A' 'C']]",Anti-plurality voting,Get Happiness,"[0, 1, 0, 1, 0, 0, 0, 1, 0, 0, 1, 1, 0, 1, 0, 0, 0, 1, 0, 0]",Winner change risk,0.0
"[['B' 'C' 'C' 'C' 'B' 'C' 'B' 'B' 'B' 'B' 'C' 'A' 'B' 'B' 'B' 'C' 'C' 'B'
  'C' 'B']
 ['C' 'A' 'B' 'A' 'C' 'B' 'A' 'A' 'A' 'C' 'B' 'B' 'C' 'A' 'A' 'B' 'B' 'C'
  'B' 'A']
 ['A' 'B' 'A' 'B' 'A' 'A' 'C' 'C' 'C' 'A' 'A' 'C' 'A' 'C' 'C' 'A' 'A' 'A'
  'A' 'C']]",Anti-plurality voting,Get Happiness,"[1, 0, 0, 0, 1, 0, 1, 1, 1, 1, 0, 0, 1, 1, 1, 0, 0, 1, 0, 1]",Winner change risk,0.0
"[['C' 'B' 'C' 'C' 'A' 'C' 'B' 'B' 'C' 'B' 'A' 'B' 'B' 'A' 'C' 'A' 'A' 'B'
  'B' 'A']
 ['B' 'A' 'A' 'B' 'C' 'A' 'C' 'A' 'B' 'A' 'B' 'A' 'C' 'C' 'A' 'B' 'B' 'A'
  'C' 'B']
 ['A' 'C' 'B' 'A' 'B' 'B' 'A' 'C' 'A' 'C' 'C' 'C' 'A' 'B' 'B' 'C' 'C' 'C'
  'A' 'C']]",Anti-plurality voting,Get Happiness,"[0, 1, 0, 0, 0, 0, 1, 1, 0, 1, 0, 1, 1, 0, 0, 0, 0, 1, 1, 0]",Winner change risk,0.2
"[['C' 'B' 'A' 'B' 'A' 'B' 'B' 'B' 'C' 'C']
 ['A' 'A' 'B' 'C' 'B' 'A' 'A' 'A' 'A' 'B']
 ['B' 'C' 'C' 'A' 'C' 'C' 'C' 'C' 'B' 'A']]",Anti-plurality voting,Get Happiness,"[0, 0, 1, 0, 1, 0, 0, 0, 0, 0]",Winner change risk,0.3333333333333333
"[['A' 'B' 'B' 'A' 'B' 'A' 'A' 'B' 'C' 'A']
 ['B' 'A' 'A' 'C' 'C' 'C' 'C' 'C' 'B' 'C']
 ['C' 'C' 'C' 'B' 'A' 'B' 'B' 'A' 'A' 'B']]",Anti-plurality voting,Get Happiness,"[1, 0, 0, 1, 0, 1, 1, 0, 0, 1]",Winner change risk,0.0
"[['C' 'B' 'C' 'C' 'C' 'C' 'B' 'A' 'C' 'A']
 ['B' 'C' 'B' 'A' 'A' 'B' 'C' 'B' 'B' 'C']
 ['A' 'A' 'A' 'B' 'B' 'A' 'A' 'C' 'A' 'B']]",Anti-plurality voting,Get Happiness,"[1, 0, 1, 1, 1, 1, 0, 0, 1, 0]",Winner change risk,0.0
"[['B' 'H' 'B' 'J' 'C']
 ['C' 'A' 'H' 'I' 'J']
 ['H' 'C' 'I' 'B' 'D']
 ['I' 'J' 'C' 'A' 'B']
 ['E' 'G' 'G' 'G' 'F']
 ['A' 'B' 'A' 'C' 'I']
 ['D' 'D' 'J' 'E' 'G']
 ['G' 'F' 'D' 'H' 'E']
 ['J' 'E' 'F' 'D' 'H']
 ['F' 'I' 'E' 'F' 'A']]",Anti-plurality voting,Get Happiness,"[1, 0, 1, 0, 0]",Winner change risk,0.0
"[['J' 'D' 'H' 'I' 'D']
 ['H' 'E' 'B' 'D' 'C']
 ['E' 'H' 'I' 'G' 'J']
 ['D' 'I' 'C' 'F' 'B']
 ['G' 'B' 'F' 'A' 'A']
 ['I' 'G' 'J' 'C' 'F']
 ['B' 'F' 'A' 'E' 'H']
 ['C' 'A' 'E' 'J' 'I']
 ['A' 'C' 'G' 'B' 'G']
 ['F' 'J' 'D' 'H' 'E']]",Anti-plurality voting,Get Happiness,"[0, 0, 0, 0, 0]",Winner change risk,0.0
"[['H' 'D' 'D' 'I' 'E']
 ['E' 'H' 'A' 'J' 'C']
 ['D' 'A' 'F' 'A' 'H']
 ['I' 'B' 'B' 'E' 'G']
 ['B' 'G' 'I' 'F' 'B']
 ['C' 'C' 'G' 'B' 'J']
 ['F' 'F' 'J' 'H' 'I']
 ['G' 'J' 'E' 'G' 'D']
 ['A' 'I' 'H' 'D' 'F']
 ['J' 'E' 'C' 'C' 'A']]",Anti-plurality voting,Get Happiness,"[0, 0, 0, 0, 0]",Winner change risk,0.0975
"[['F' 'A' 'D' 'J' 'G' 'F' 'I' 'C' 'F' 'E' 'H' 'G' 'J' 'I' 'B' 'G' 'F' 'G'
  'G' 'I']
 ['A' 'I' 'B' 'A' 'H' 'J' 'E' 'G' 'I' 'F' 'C' 'I' 'B' 'B' 'D' 'B' 'J' 'E'
  'C' 'E']
 ['C' 'B' 'C' 'G' 'D' 'C' 'F' 'I' 'H' 'D' 'J' 'C' 'F' 'E' 'H' 'E' 'I' 'A'
  'I' 'F']
 ['D' 'C' 'A' 'D' 'A' 'H' 'C' 'F' 'B' 'B' 'I' 'H' 'C' 'G' 'G' 'A' 'D' 'B'
  'B' 'C']
 ['B' 'H' 'J' 'E' 'E' 'A' 'H' 'H' 'E' 'A' 'A' 'B' 'E' 'C' 'A' 'J' 'E' 'F'
  'E' 'G']
 ['E' 'D' 'I' 'H' 'I' 'I' 'D' 'D' 'D' 'G' 'F' 'J' 'I' 'J' 'J' 'H' 'G' 'C'
  'H' 'J']
 ['I' 'E' 'E' 'F' 'C' 'D' 'A' 'E' 'C' 'C' 'D' 'F' 'D' 'D' 'E' 'I' 'C' 'D'
  'F' 'B']
 ['J' 'F' 'H' 'B' 'F' 'G' 'G' 'J' 'J' 'H' 'E' 'E' 'H' 'H' 'I' 'F' 'H' 'H'
  'A' 'A']
 ['G' 'J' 'G' 'I' 'J' 'E' 'B' 'B' 'G' 'J' 'B' 'A' 'G' 'A' 'F' 'D' 'A' 'J'
  'J' 'D']
 ['H' 'G' 'F' 'C' 'B' 'B' 'J' 'A' 'A' 'I' 'G' 'D' 'A' 'F' 'C' 'C' 'B' 'I'
  'D' 'H']]",Anti-plurality voting,Get Happiness,"[0, 0, 0, 0, 0, 0, 0, 0, 0, 1, 0, 0, 0, 0, 0, 0, 0, 0, 0, 0]",Winner change risk,0.0
"[['A' 'B' 'E' 'F' 'H' 'D' 'J' 'E' 'B' 'E' 'J' 'F' 'F' 'E' 'H' 'I' 'H' 'B'
  'I' 'B']
 ['H' 'D' 'C' 'G' 'G' 'A' 'E' 'J' 'I' 'J' 'H' 'E' 'I' 'D' 'F' 'C' 'F' 'G'
  'D' 'D']
 ['I' 'I' 'B' 'I' 'C' 'I' 'C' 'G' 'D' 'F' 'G' 'A' 'J' 'F' 'G' 'E' 'C' 'J'
  'A' 'F']
 ['B' 'A' 'A' 'H' 'F' 'J' 'H' 'A' 'A' 'I' 'B' 'B' 'G' 'H' 'I' 'D' 'I' 'F'
  'B' 'A']
 ['G' 'J' 'I' 'J' 'B' 'B' 'I' 'F' 'E' 'D' 'A' 'D' 'E' 'G' 'C' 'A' 'G' 'I'
  'E' 'E']
 ['D' 'E' 'J' 'E' 'A' 'E' 'B' 'H' 'F' 'C' 'I' 'G' 'A' 'B' 'D' 'J' 'J' 'D'
  'G' 'J']
 ['J' 'F' 'F' 'C' 'D' 'H' 'D' 'I' 'H' 'B' 'C' 'C' 'H' 'I' 'E' 'H' 'A' 'A'
  'F' 'I']
 ['C' 'G' 'H' 'D' 'J' 'G' 'G' 'B' 'C' 'G' 'E' 'J' 'C' 'J' 'A' 'F' 'E' 'C'
  'H' 'H']
 ['F' 'H' 'G' 'B' 'E' 'F' 'A' 'D' 'G' 'A' 'D' 'I' 'D' 'A' 'J' 'G' 'D' 'H'
  'C' 'C']
 ['E' 'C' 'D' 'A' 'I' 'C' 'F' 'C' 'J' 'H' 'F' 'H' 'B' 'C' 'B' 'B' 'B' 'E'
  'J' 'G']]",Anti-plurality voting,Get Happiness,"[1, 0, 0, 0, 0, 0, 0, 0, 0, 0, 0, 0, 0, 0, 0, 0, 0, 0, 0, 0]",Winner change risk,0.106
"[['I' 'J' 'I' 'C' 'D' 'D' 'H' 'C' 'G' 'E' 'D' 'D' 'H' 'D' 'H' 'A' 'B' 'C'
  'J' 'B']
 ['J' 'C' 'B' 'I' 'J' 'G' 'C' 'D' 'E' 'D' 'C' 'G' 'G' 'A' 'C' 'B' 'A' 'D'
  'H' 'D']
 ['A' 'E' 'E' 'E' 'H' 'E' 'I' 'B' 'B' 'J' 'E' 'H' 'C' 'I' 'A' 'D' 'E' 'E'
  'I' 'F']
 ['E' 'G' 'D' 'H' 'C' 'C' 'D' 'A' 'H' 'I' 'B' 'I' 'I' 'C' 'G' 'H' 'J' 'G'
  'F' 'H']
 ['F' 'I' 'F' 'F' 'A' 'H' 'G' 'E' 'I' 'F' 'I' 'B' 'J' 'G' 'E' 'G' 'F' 'B'
  'C' 'G']
 ['B' 'A' 'G' 'G' 'F' 'F' 'B' 'F' 'A' 'H' 'G' 'A' 'F' 'B' 'B' 'E' 'D' 'I'
  'B' 'A']
 ['C' 'D' 'C' 'J' 'I' 'I' 'F' 'J' 'D' 'B' 'F' 'C' 'E' 'J' 'J' 'C' 'C' 'A'
  'A' 'J']
 ['D' 'H' 'A' 'B' 'E' 'J' 'J' 'H' 'J' 'G' 'A' 'J' 'A' 'F' 'D' 'J' 'H' 'F'
  'D' 'I']
 ['H' 'F' 'H' 'D' 'B' 'A' 'A' 'G' 'C' 'A' 'H' 'E' 'D' 'H' 'I' 'I' 'I' 'H'
  'E' 'C']
 ['G' 'B' 'J' 'A' 'G' 'B' 'E' 'I' 'F' 'C' 'J' 'F' 'B' 'E' 'F' 'F' 'G' 'J'
  'G' 'E']]",Anti-plurality voting,Get Happiness,"[0, 0, 0, 0, 1, 1, 0, 0, 0, 0, 1, 1, 0, 1, 0, 0, 0, 0, 0, 0]",Winner change risk,0.1023
"[['F' 'H' 'B' 'A' 'H' 'C' 'B' 'F' 'I' 'H']
 ['D' 'B' 'C' 'J' 'J' 'H' 'E' 'B' 'J' 'A']
 ['J' 'A' 'F' 'B' 'D' 'D' 'I' 'D' 'G' 'B']
 ['E' 'D' 'H' 'E' 'A' 'G' 'A' 'E' 'B' 'G']
 ['H' 'J' 'J' 'H' 'I' 'E' 'J' 'C' 'C' 'I']
 ['G' 'E' 'I' 'D' 'G' 'B' 'F' 'A' 'F' 'F']
 ['A' 'F' 'G' 'C' 'F' 'F' 'G' 'G' 'D' 'E']
 ['I' 'I' 'A' 'G' 'E' 'A' 'C' 'J' 'E' 'J']
 ['B' 'G' 'E' 'I' 'B' 'J' 'H' 'I' 'A' 'C']
 ['C' 'C' 'D' 'F' 'C' 'I' 'D' 'H' 'H' 'D']]",Anti-plurality voting,Get Happiness,"[0, 0, 0, 1, 0, 0, 0, 0, 0, 0]",Winner change risk,0.0983
"[['E' 'C' 'A' 'D' 'H' 'I' 'H' 'D' 'B' 'G']
 ['J' 'B' 'F' 'E' 'E' 'B' 'D' 'G' 'D' 'I']
 ['H' 'F' 'J' 'G' 'J' 'C' 'I' 'C' 'C' 'B']
 ['C' 'H' 'I' 'B' 'C' 'J' 'C' 'E' 'J' 'E']
 ['B' 'I' 'E' 'J' 'I' 'F' 'A' 'I' 'A' 'C']
 ['I' 'J' 'D' 'I' 'F' 'D' 'B' 'J' 'I' 'D']
 ['D' 'A' 'C' 'C' 'G' 'A' 'E' 'F' 'H' 'H']
 ['F' 'E' 'G' 'A' 'A' 'H' 'F' 'H' 'G' 'F']
 ['A' 'G' 'H' 'H' 'B' 'G' 'G' 'A' 'F' 'J']
 ['G' 'D' 'B' 'F' 'D' 'E' 'J' 'B' 'E' 'A']]",Anti-plurality voting,Get Happiness,"[0, 1, 0, 0, 0, 0, 0, 0, 0, 0]",Winner change risk,0.0979
"[['I' 'I' 'J' 'F' 'C' 'G' 'E' 'A' 'J' 'E']
 ['D' 'G' 'F' 'H' 'J' 'J' 'B' 'D' 'F' 'D']
 ['G' 'A' 'H' 'A' 'D' 'E' 'F' 'C' 'C' 'F']
 ['C' 'F' 'G' 'B' 'E' 'I' 'I' 'I' 'B' 'G']
 ['J' 'B' 'I' 'I' 'B' 'F' 'D' 'G' 'G' 'I']
 ['B' 'D' 'E' 'C' 'F' 'C' 'C' 'B' 'A' 'B']
 ['H' 'J' 'C' 'G' 'I' 'B' 'H' 'J' 'E' 'J']
 ['F' 'C' 'D' 'D' 'G' 'A' 'J' 'H' 'D' 'A']
 ['E' 'H' 'A' 'J' 'H' 'H' 'G' 'E' 'I' 'C']
 ['A' 'E' 'B' 'E' 'A' 'D' 'A' 'F' 'H' 'H']]",Anti-plurality voting,Get Happiness,"[0, 0, 0, 0, 1, 0, 0, 0, 0, 0]",Winner change risk,0.0
